1,1,0,43.2215462,-0.0523189,555.03,117.63,1.7,5.0,95732.5,49,-2232,1211,43.22,18,33.63,8.24,5176
1,1,0,43.2215424,-0.0523153,554.19,117.63,2.1,4.7,95732.5,143,-1708,945,41.34,18,33.85,8.25,5177
1,1,0,43.2215385,-0.0523140,553.62,116.73,1.5,4.0,95742.8,-249,-2298,1017,40.96,19,33.85,8.25,5178
1,1,0,43.2215347,-0.0523130,552.97,116.73,2.0,3.7,95761.5,128,-2183,1037,38.22,19,33.50,8.24,5179
1,1,0,43.2215309,-0.0523112,552.48,115.10,3.5,3.3,95761.5,-33,-2126,488,37.50,20,34.20,8.25,5180
1,1,0,43.2215233,-0.0523084,551.97,114.86,4.2,3.0,95764.3,160,-2012,655,37.23,19,34.20,8.25,5181
1,1,0,43.2215118,-0.0523039,551.46,114.86,4.5,2.8,95764.3,13,-1881,692,37.29,19,33.85,8.25,5182
1,1,0,43.2215080,-0.0522981,550.93,113.39,5.1,2.7,95781.1,-180,-2098,910,36.80,19,33.85,8.25,5183
1,1,0,43.2215004,-0.0522927,550.46,113.39,4.5,2.6,95782.8,-18,-2296,821,36.22,18,34.20,8.26,5184
1,1,0,43.2214928,-0.0522883,549.94,113.25,3.5,2.6,95782.8,27,-1818,553,35.73,18,34.20,8.25,5185
1,1,0,43.2214890,-0.0522861,549.36,112.29,3.1,2.7,95793.8,-13,-2035,513,35.52,18,34.54,8.26,5186
1,1,0,43.2214851,-0.0522853,548.72,112.29,2.1,2.8,95793.8,-99,-2055,498,35.90,18,33.85,8.25,5187
1,1,0,43.2214813,-0.0522855,548.07,111.17,1.1,3.0,95806.5,-12,-2287,739,35.81,18,33.50,8.25,5188
1,1,0,43.2214813,-0.0522856,547.44,111.17,0.3,3.0,95815.3,-44,-2422,935,35.94,18,34.20,8.25,5189
1,1,0,43.2214851,-0.0522836,546.83,110.41,1.4,3.0,95815.3,-40,-2320,1099,36.01,18,34.07,8.26,5190
1,1,0,43.2214890,-0.0522798,546.26,109.29,2.0,2.9,95828.2,47,-2196,860,35.52,19,34.07,8.25,5191
1,1,0,43.2214890,-0.0522742,545.71,109.29,3.0,2.8,95828.2,113,-2102,694,35.34,19,34.20,8.25,5192
1,1,0,43.2214928,-0.0522658,545.16,108.08,3.9,2.8,95842.1,63,-2203,748,34.33,19,34.20,8.25,5193
1,1,0,43.2214928,-0.0522549,544.57,108.08,4.6,2.8,95846.4,51,-2130,730,33.80,19,33.63,8.24,5194
1,1,0,43.2214928,-0.0522423,543.94,107.70,5.3,2.9,95846.4,61,-2200,627,32.43,19,34.42,8.26,5195
1,1,0,43.2214928,-0.0522289,543.33,106.73,5.6,3.0,95857.5,62,-2481,671,31.40,18,33.28,8.24,5196
1,1,0,43.2214890,-0.0522163,542.72,106.73,5.5,3.0,95857.5,43,-2332,713,30.40,19,33.41,8.23,5197
1,1,0,43.2214813,-0.0522056,542.10,105.77,5.4,3.0,95868.6,37,-2274,825,30.01,18,33.85,8.26,5198
1,1,0,43.2214737,-0.0521975,541.46,105.77,5.0,3.0,95879.5,32,-2368,890,29.14,19,33.63,8.24,5199
1,1,0,43.2214661,-0.0521922,540.85,104.82,4.3,3.0,95879.5,63,-2271,791,30.27,19,33.85,8.25,5200
1,1,0,43.2214584,-0.0521896,540.26,103.80,3.4,3.0,95891.2,96,-2560,828,29.77,19,33.98,8.24,5201
1,1,0,43.2214546,-0.0521893,539.72,103.80,2.3,2.8,95891.2,107,-2533,813,31.10,19,34.20,8.26,5202
1,1,0,43.2214546,-0.0521899,539.22,103.01,1.0,2.6,95900.3,73,-2359,713,31.28,19,33.85,8.25,5203
1,1,0,43.2214546,-0.0521897,538.71,103.01,0.4,2.6,95909.4,46,-2343,720,31.38,19,33.85,8.25,5204
1,1,0,43.2214546,-0.0521877,538.17,102.22,1.6,2.6,95909.4,50,-2539,843,32.04,19,34.42,8.26,5205
1,1,0,43.2214584,-0.0521829,537.62,101.38,2.7,2.6,95919.0,67,-2347,800,31.88,19,33.63,8.24,5206
1,1,0,43.2214622,-0.0521748,537.10,101.38,3.9,2.5,95919.0,126,-2280,761,31.63,19,33.63,8.25,5207
1,1,0,43.2214661,-0.0521452,535.92,100.58,5.3,2.3,95936.3,84,-2202,718,31.02,19,33.85,8.25,5209
1,1,0,43.2214661,-0.0521452,535.92,99.88,5.3,2.3,95936.3,84,-2202,718,31.02,19,33.85,8.25,5209
1,1,0,43.2214661,-0.0521387,535.71,99.88,5.2,2.2,95936.3,84,-2202,718,27.90,19,34.20,8.25,5210
1,1,0,43.2214699,-0.0521256,535.37,99.22,5.1,1.9,95943.9,61,-2094,614,27.90,18,33.98,8.24,5211
1,1,0,43.2214699,-0.0521128,535.02,99.22,5.1,1.8,95943.9,96,-1859,572,26.99,19,34.54,8.26,5212
1,1,0,43.2214699,-0.0521002,534.68,98.70,5.1,1.7,95949.9,77,-1791,539,25.97,19,33.85,8.25,5213
1,1,0,43.2214699,-0.0520880,534.27,98.70,5.0,1.8,95956.4,62,-1767,546,26.96,19,34.07,8.25,5214
1,1,0,43.2214737,-0.0520756,533.85,98.13,5.0,1.9,95956.4,66,-1860,567,26.01,19,33.85,8.25,5215
1,1,0,43.2214737,-0.0520633,533.39,97.49,5.1,2.0,95963.8,36,-1878,549,26.48,19,33.63,8.25,5216
1,1,0,43.2214737,-0.0520507,532.90,97.49,5.1,2.2,95963.8,78,-1895,593,25.53,19,33.85,8.25,5217
1,1,0,43.2214737,-0.0520377,532.39,96.69,5.3,2.3,95972.9,70,-1916,594,24.52,19,34.20,8.25,5218
1,1,0,43.2214699,-0.0520246,531.88,96.69,5.5,2.4,95982.1,77,-2053,635,25.15,18,34.20,8.25,5219
1,1,0,43.2214699,-0.0520121,531.34,95.89,5.4,2.5,95982.1,54,-1960,596,24.12,18,34.20,8.25,5220
1,1,0,43.2214622,-0.0519998,530.79,95.06,5.4,2.6,95991.7,54,-1938,620,24.09,18,33.85,8.24,5221
1,1,0,43.2214584,-0.0519888,530.22,95.06,5.2,2.7,95991.7,77,-2122,674,23.09,18,34.20,8.25,5222
1,1,0,43.2214546,-0.0519790,529.65,94.15,4.9,2.7,96002.1,115,-2245,711,23.34,17,33.50,8.25,5223
1,1,0,43.2214317,-0.0519569,526.64,94.15,0.6,2.6,96031.7,59,-2111,663,22.62,17,33.85,8.25,5228
1,1,0,43.2214317,-0.0519561,526.42,91.58,0.6,2.5,96041.3,59,-2111,663,22.62,18,33.85,8.24,5228
1,1,0,43.2214317,-0.0519550,526.22,90.74,1.0,2.4,96041.3,59,-2111,663,22.62,18,33.72,8.25,5229
1,1,0,43.2214317,-0.0519537,525.98,90.74,1.3,2.4,96041.3,61,-2061,666,22.62,18,33.63,8.23,5229
1,1,0,43.2214317,-0.0519537,525.98,90.74,1.3,2.4,96041.3,65,-2109,682,22.62,18,33.63,8.24,5230
1,1,0,43.2214317,-0.0519537,525.98,90.74,1.3,2.4,96041.3,65,-2109,682,22.62,18,34.07,8.25,5230
1,1,0,43.2214317,-0.0519521,525.78,90.09,1.6,2.3,96048.8,99,-1919,593,22.62,18,33.85,8.25,5230
1,1,0,43.2214355,-0.0519500,525.58,90.09,2.0,2.2,96048.8,99,-1919,593,22.84,18,34.20,8.25,5231
1,1,0,43.2214394,-0.0519448,525.13,90.09,2.7,2.2,96048.8,64,-2028,642,22.73,18,34.20,8.25,5232
1,1,0,43.2214394,-0.0519374,524.64,89.45,3.5,2.3,96056.2,88,-2415,749,22.14,19,34.20,8.25,5233
1,1,0,43.2214432,-0.0519276,524.22,89.45,4.4,2.2,96065.0,47,-1960,631,21.60,19,34.20,8.25,5234
1,1,0,43.2214432,-0.0519150,523.72,88.68,5.5,2.4,96065.0,61,-1969,711,20.78,19,34.20,8.25,5235
1,1,0,43.2214470,-0.0519006,523.22,87.87,6.0,2.4,96074.3,53,-2235,729,19.78,17,33.85,8.25,5236
1,1,0,43.2214432,-0.0518853,522.66,87.87,6.4,2.6,96074.3,86,-2040,644,19.01,17,33.85,8.25,5237
1,1,0,43.2214203,-0.0518414,520.56,87.87,5.8,2.8,96074.3,93,-2479,788,17.74,15,34.42,8.26,5240
1,1,0,43.2214165,-0.0518368,520.29,85.09,5.6,2.8,96106.4,93,-2479,788,17.74,16,33.85,8.25,5240
1,1,0,43.2214127,-0.0518327,520.02,85.09,5.1,2.8,96106.4,74,-2247,726,17.74,16,34.76,8.25,5241
1,1,0,43.2214127,-0.0518327,520.02,85.09,5.1,2.8,96106.4,74,-2247,726,17.74,16,34.42,8.25,5241
1,1,0,43.2214127,-0.0518291,519.73,85.09,4.8,2.8,96106.4,74,-2247,726,16.20,17,34.20,8.25,5242
1,1,0,43.2214050,-0.0518233,519.22,84.11,3.8,2.7,96117.7,82,-2227,670,15.91,17,33.85,8.25,5243
1,1,0,43.2213974,-0.0518198,518.68,84.11,2.9,2.7,96125.6,70,-2019,633,16.88,17,34.20,8.25,5244
1,1,0,43.2213936,-0.0518181,518.10,83.41,2.2,2.8,96125.6,50,-1927,677,17.52,17,34.20,8.25,5245
1,1,0,43.2213936,-0.0518179,517.51,82.40,1.5,2.8,96137.3,80,-2406,782,17.38,17,34.20,8.25,5246
1,1,0,43.2213936,-0.0518183,516.94,82.40,0.6,2.8,96137.3,104,-2618,847,17.93,17,33.85,8.25,5247
1,1,0,43.2213936,-0.0518180,516.43,81.48,0.4,2.7,96147.9,48,-2318,728,17.97,18,34.20,8.25,5248
1,1,0,43.2213936,-0.0518164,515.91,81.48,1.7,2.7,96157.3,40,-1926,613,18.35,18,34.20,8.25,5249
1,1,0,43.2213974,-0.0518122,515.32,80.66,3.1,2.8,96157.3,89,-2332,804,18.35,18,34.20,8.25,5250
1,1,0,43.2214012,-0.0518048,514.68,79.69,4.0,2.9,96168.5,81,-2596,830,17.57,18,34.20,8.25,5251
1,1,0,43.2214050,-0.0517947,514.06,79.69,4.6,3.0,96168.5,65,-2214,701,17.18,19,34.20,8.25,5252
1,1,0,43.2214050,-0.0517822,513.40,78.72,5.3,3.1,96179.6,45,-2253,770,16.30,18,34.20,8.25,5253
1,1,0,43.2214050,-0.0517691,512.78,78.72,5.4,3.1,96190.8,79,-2390,812,15.69,19,34.20,8.25,5254
1,1,0,43.2214012,-0.0517565,512.15,77.76,5.3,3.1,96190.8,109,-2355,743,14.77,19,33.85,8.25,5255
1,1,0,43.2213974,-0.0517460,511.52,76.75,4.9,3.1,96202.4,95,-2352,743,14.27,17,33.85,8.25,5256
1,1,0,43.2213936,-0.0517380,510.92,76.75,4.5,3.1,96202.4,55,-2255,736,13.53,17,33.85,8.25,5257
1,1,0,43.2213860,-0.0517334,510.28,75.78,3.7,3.1,96213.6,92,-2467,810,14.71,18,33.85,8.25,5258
1,1,0,43.2213821,-0.0517316,509.66,75.78,2.6,3.1,96225.6,66,-2483,787,14.55,15,33.85,8.25,5259
1,1,0,43.2213783,-0.0517317,509.02,74.74,1.2,3.1,96225.6,58,-2375,770,15.79,19,33.50,8.25,5260
1,1,0,43.2213783,-0.0517321,508.36,73.71,0.2,3.2,96237.4,68,-2282,759,16.34,18,33.85,8.25,5261
1,1,0,43.2213783,-0.0517316,507.72,73.71,1.3,3.2,96237.4,87,-2350,783,16.50,18,33.63,8.25,5262
1,1,0,43.2213821,-0.0517290,507.08,72.70,2.2,3.1,96249.0,104,-2491,776,16.64,18,33.85,8.25,5263
1,1,0,43.2213898,-0.0517232,506.43,72.70,3.5,3.2,96260.8,112,-2422,753,16.55,17,33.85,8.25,5264
1,1,0,43.2213936,-0.0517143,505.80,71.67,4.2,3.2,96260.8,47,-2157,710,15.78,18,33.85,8.25,5265
1,1,0,43.2213936,-0.0517034,505.15,70.66,4.6,3.2,96272.6,51,-2180,724,15.08,17,34.20,8.25,5266
1,1,0,43.2213936,-0.0516914,504.50,70.66,4.8,3.2,96272.6,79,-2427,821,14.28,16,33.85,8.25,5267
1,1,0,43.2213898,-0.0516807,503.80,69.54,4.6,3.3,96285.4,54,-2372,781,14.01,17,33.50,8.25,5268
1,1,0,43.2213860,-0.0516718,503.14,69.54,4.2,3.3,96297.8,78,-2347,764,13.34,17,34.20,8.25,5269
1,1,0,43.2213783,-0.0516657,502.48,68.47,3.5,3.3,96297.8,71,-2330,800,13.36,18,33.85,8.25,5270
1,1,0,43.2213745,-0.0516625,501.85,67.43,2.6,3.2,96309.7,62,-2358,733,13.01,17,33.85,8.25,5271
1,1,0,43.2213745,-0.0516617,501.17,67.43,1.9,3.3,96309.7,87,-1989,611,14.16,18,34.42,8.26,5272
1,1,0,43.2213745,-0.0516624,500.47,66.47,0.8,3.3,96320.8,94,-2341,756,14.10,18,33.50,8.25,5273
1,1,0,43.2213745,-0.0516635,499.79,66.47,0.5,3.3,96334.7,104,-2613,824,15.23,17,34.20,8.25,5274
1,1,0,43.2213745,-0.0516639,499.23,65.27,0.6,3.2,96334.7,137,-2956,919,15.72,17,33.85,8.25,5275
1,1,0,43.2213745,-0.0516644,498.75,64.31,0.7,2.9,96345.7,102,-2035,621,15.76,17,33.85,8.25,5276
1,1,0,43.2213745,-0.0516653,498.35,64.31,0.7,2.7,96345.7,38,-1881,584,15.62,18,33.28,8.24,5277
1,1,0,43.2213745,-0.0516662,497.99,63.71,1.2,2.4,96352.7,64,-2131,621,15.69,20,33.85,8.25,5278
1,1,0,43.2213783,-0.0516665,497.61,63.71,1.3,2.3,96360.9,39,-2249,681,15.46,19,34.20,8.25,5279
1,1,0,43.2213783,-0.0516661,497.41,62.99,1.6,2.2,96360.9,72,-2124,700,15.55,19,33.85,8.25,5281
1,1,0,43.2213898,-0.0516572,496.25,62.31,2.9,2.3,96368.8,72,-2124,700,15.55,20,34.20,8.24,5281
1,1,0,43.2213898,-0.0516572,496.25,61.54,2.9,2.3,96377.7,102,-2221,717,15.55,20,33.85,8.25,5282
1,1,0,43.2213936,-0.0516501,495.74,61.54,3.3,2.4,96377.7,80,-2191,705,14.01,20,34.20,8.25,5283
1,1,0,43.2213936,-0.0516417,495.24,61.54,3.6,2.4,96386.7,82,-2153,684,13.43,19,34.20,8.25,5284
1,1,0,43.2213936,-0.0516329,494.72,60.76,3.6,2.5,96386.7,59,-2101,642,12.89,19,34.20,8.25,5285
1,1,0,43.2213898,-0.0516246,494.21,59.93,3.7,2.5,96396.3,52,-2074,679,12.45,18,34.20,8.25,5286
1,1,0,43.2213860,-0.0516178,493.61,59.93,3.7,2.7,96396.3,88,-2134,692,12.01,18,33.50,8.25,5287
1,1,0,43.2213821,-0.0516128,493.02,58.96,3.5,2.8,96407.5,97,-2311,733,11.94,19,33.98,8.25,5288
1,1,0,43.2213745,-0.0516095,492.44,58.96,3.2,2.8,96418.5,79,-2270,730,12.50,20,33.85,8.25,5289
1,1,0,43.2213707,-0.0516083,491.90,58.00,3.0,2.7,96418.5,66,-2237,707,12.62,20,33.85,8.25,5290
1,1,0,43.2213669,-0.0516087,491.39,57.15,2.5,2.6,96428.3,87,-2266,682,13.11,18,33.85,8.25,5291
1,1,0,43.2213593,-0.0516103,490.86,57.15,2.1,2.6,96428.3,63,-2159,695,13.57,19,33.85,8.25,5292
1,1,0,43.2213593,-0.0516126,490.38,56.37,1.5,2.6,96437.3,44,-2097,673,13.89,18,34.20,8.25,5293
1,1,0,43.2213593,-0.0516149,489.86,56.37,0.9,2.6,96446.6,88,-1986,649,14.21,19,33.85,8.25,5294
1,1,0,43.2213593,-0.0516167,489.31,55.56,1.0,2.6,96446.6,77,-2135,684,14.10,20,33.85,8.25,5295
1,1,0,43.2213631,-0.0516168,488.74,54.63,1.5,2.7,96457.4,63,-2117,661,13.66,20,34.42,8.26,5296
1,1,0,43.2213669,-0.0516145,488.11,54.63,2.2,2.9,96457.4,92,-2185,720,13.68,18,33.50,8.25,5297
1,1,1,43.2213707,-0.0516106,487.33,53.86,2.1,3.3,96466.3,-11,-272,144,13.10,18,33.85,8.25,5298
1,1,1,43.2213707,-0.0516062,486.05,53.86,2.4,4.4,96481.1,79,-167,121,12.23,19,33.50,8.25,5299
1,1,1,43.2213745,-0.0516016,484.80,52.58,2.1,5.1,96481.1,178,-5484,2756,12.06,19,33.50,8.25,5300
1,1,1,43.2213707,-0.0515992,483.86,50.53,1.7,4.9,96504.8,625,-651,-380,11.96,17,33.85,8.25,5301
1,1,1,43.2213669,-0.0515991,482.88,50.53,2.0,4.9,96504.8,-254,-3012,2332,12.23,18,33.85,8.25,5302
1,1,1,43.2213631,-0.0516010,482.04,48.78,1.6,4.6,96524.9,478,-1241,-144,12.83,18,34.32,8.24,5303
1,1,1,43.2213593,-0.0516028,481.01,48.78,0.8,4.8,96542.5,-746,-2570,1169,13.64,17,33.85,8.25,5304
1,1,1,43.2213593,-0.0516036,480.17,47.26,0.3,4.6,96542.5,1002,-2102,866,14.30,17,33.85,8.24,5305
1,1,1,43.2213631,-0.0516045,479.35,45.81,0.6,4.3,96559.2,223,-2199,712,14.10,18,33.85,8.25,5306
1,1,1,43.2213593,-0.0516073,478.54,45.81,1.4,4.2,96559.2,594,-1847,1365,14.56,17,33.98,8.24,5307
1,1,1,43.2213593,-0.0516110,477.72,44.63,2.2,4.1,96572.9,188,-2313,505,14.68,17,33.85,8.25,5308
1,1,1,43.2213554,-0.0516132,476.84,44.63,3.1,4.3,96589.3,831,-2131,999,15.37,17,33.85,8.25,5309
1,1,1,43.2213478,-0.0516126,475.93,43.21,3.0,4.4,96589.3,109,-2566,1503,16.28,18,33.85,8.24,5310
1,1,1,43.2213440,-0.0516091,475.07,41.79,2.2,4.4,96605.7,-19,-2136,1300,16.74,18,33.85,8.25,5311
1,1,1,43.2213440,-0.0516067,474.10,41.79,1.2,4.5,96605.7,215,-2621,1797,17.05,18,34.20,8.25,5312
1,1,1,43.2213402,-0.0516082,473.17,40.00,2.2,4.6,96626.3,187,-2087,1117,16.95,17,33.63,8.24,5313
1,1,1,43.2213326,-0.0516087,472.21,40.00,3.0,4.7,96644.5,564,-2592,1389,17.85,19,34.20,8.25,5314
1,1,1,43.2213326,-0.0516059,471.32,38.43,2.5,4.6,96644.5,-16,-2346,820,19.04,19,34.07,8.25,5315
1,1,1,43.2213287,-0.0516045,470.36,37.04,1.1,4.7,96660.6,420,-2192,770,18.84,19,33.50,8.25,5316
1,1,1,43.2213249,-0.0516053,469.44,37.04,2.3,4.6,96660.6,418,-2863,863,19.10,18,33.63,8.25,5317
1,1,1,43.2213173,-0.0516040,468.62,35.66,2.6,4.4,96676.6,861,-2100,896,18.38,19,33.50,8.25,5318
1,1,1,43.2213173,-0.0516020,467.78,35.66,1.4,4.3,96692.8,341,-2270,1504,18.95,19,34.42,8.25,5319
1,1,1,43.2213135,-0.0516030,466.98,34.25,1.9,4.2,96692.8,185,-2217,885,19.45,19,33.98,8.24,5320
1,1,1,43.2213097,-0.0516034,466.14,32.89,2.9,4.2,96708.6,367,-2000,1125,19.51,19,33.85,8.25,5321
1,1,1,43.2213058,-0.0515996,465.23,32.89,2.7,4.4,96708.6,201,-1811,878,19.65,19,34.76,8.25,5322
1,1,1,43.2213020,-0.0515945,464.16,31.57,2.5,4.8,96723.9,521,-3671,1062,19.39,19,33.85,8.24,5323
1,1,1,43.2213020,-0.0515910,463.26,31.57,1.0,4.7,96743.2,727,-2989,808,18.92,19,34.07,8.25,5324
1,1,1,43.2213058,-0.0515899,462.45,29.90,0.8,4.3,96743.2,401,-1946,1005,18.18,19,33.85,8.25,5325
1,1,1,43.2213058,-0.0515898,461.74,28.49,1.6,3.9,96759.4,639,-2846,1448,18.06,18,33.50,8.23,5326
1,1,1,43.2213135,-0.0515869,461.04,28.49,2.9,3.7,96759.4,660,-2777,1416,19.04,18,33.85,8.24,5327
1,1,1,43.2213135,-0.0515801,460.31,27.45,3.1,3.7,96771.5,415,-2606,1249,18.86,18,34.20,8.25,5328
1,1,1,43.2213135,-0.0515742,459.48,27.45,2.2,3.9,96785.4,314,-3207,1812,18.70,18,34.20,8.24,5329
1,1,1,43.2213135,-0.0515723,458.74,26.25,0.8,3.8,96785.4,852,-2238,1132,18.34,19,33.85,8.25,5330
1,1,1,43.2213135,-0.0515694,458.03,24.98,1.6,3.7,96800.1,360,-2396,813,18.24,19,33.85,8.25,5331
1,1,1,43.2213135,-0.0515646,457.28,24.98,2.2,3.7,96800.1,914,-2619,1420,19.19,19,34.20,8.24,5332
1,1,1,43.2213097,-0.0515619,456.53,23.88,1.6,3.7,96812.9,463,-2022,511,18.95,19,34.20,8.25,5333
1,1,1,43.2213097,-0.0515608,455.79,23.88,0.7,3.7,96826.8,334,-2677,1519,19.32,19,33.85,8.26,5334
1,1,1,43.2213097,-0.0515570,454.97,22.68,2.0,3.9,96826.8,703,-2647,1268,20.24,19,33.50,8.25,5335
1,1,1,43.2213058,-0.0515517,454.21,21.44,2.6,3.9,96841.0,344,-2517,1252,19.21,18,33.50,8.25,5336
1,1,1,43.2213020,-0.0515495,453.36,21.44,1.6,4.0,96841.0,343,-2421,1301,19.96,17,33.85,8.25,5337
1,1,1,43.2213020,-0.0515479,452.56,20.18,1.0,4.0,96855.7,607,-2654,1561,19.69,18,33.85,8.25,5338
1,1,1,43.2213020,-0.0515432,451.68,20.18,2.3,4.2,96870.7,503,-1674,594,20.55,19,33.85,8.25,5339
1,1,1,43.2212982,-0.0515385,450.88,18.88,2.4,4.1,96870.7,190,-2061,1072,21.36,18,33.19,8.23,5340
1,1,1,43.2212944,-0.0515375,449.91,17.47,1.2,4.4,96887.0,738,-2093,1094,20.93,20,34.07,8.25,5341
1,1,1,43.2212944,-0.0515371,448.99,17.47,0.5,4.5,96887.0,580,-2816,1120,22.06,20,34.07,8.25,5342
1,1,1,43.2212944,-0.0515330,448.01,15.97,1.8,4.7,96904.5,623,-2452,1142,22.06,20,33.50,8.25,5343
1,1,1,43.2212944,-0.0515295,447.04,15.97,1.9,4.8,96921.6,487,-2801,1273,23.07,19,33.41,8.24,5344
1,1,1,43.2212944,-0.0515294,446.10,14.49,0.5,4.7,96921.6,743,-3210,1790,24.14,20,33.50,8.25,5345
1,1,1,43.2212944,-0.0515274,445.20,12.99,1.1,4.6,96939.0,447,-2074,760,23.58,21,33.85,8.24,5346
1,1,1,43.2212944,-0.0515229,444.21,12.99,2.0,4.7,96939.0,86,-2544,1416,24.21,21,33.85,8.25,5347
1,1,1,43.2212906,-0.0515210,443.23,11.45,1.2,4.8,96956.8,825,-2324,1285,24.01,21,33.63,8.24,5348
1,1,1,43.2212906,-0.0515205,442.33,11.45,0.3,4.6,96974.7,606,-2690,1089,25.23,21,34.07,8.26,5349
1,1,1,43.2212906,-0.0515170,441.39,9.90,1.7,4.7,96974.7,549,-2054,931,26.54,21,33.85,8.25,5350
1,1,1,43.2212868,-0.0515129,440.40,8.53,2.3,4.8,96990.6,405,-2437,1167,26.40,20,33.85,8.25,5351
1,1,1,43.2212868,-0.0515127,439.35,8.53,0.8,5.0,96990.6,429,-2410,1279,26.38,19,33.98,8.24,5352
1,1,1,43.2212868,-0.0515121,438.31,7.02,0.8,5.1,97008.2,550,-2376,1259,25.68,20,33.50,8.25,5353
1,1,1,43.2212868,-0.0515080,437.36,7.02,2.0,4.9,97024.6,322,-2166,1012,27.01,20,33.50,8.25,5354
1,1,1,43.2212830,-0.0515056,436.36,5.60,1.2,5.0,97024.6,578,-3085,1831,27.43,21,33.85,8.25,5355
1,1,1,43.2212830,-0.0515070,435.38,4.05,0.8,4.9,97042.6,1101,-2686,1337,27.32,21,33.85,8.25,5356
1,1,1,43.2212830,-0.0515056,434.54,4.05,1.1,4.6,97042.6,359,-2356,587,28.06,21,33.50,8.25,5357
1,1,1,43.2212830,-0.0515030,433.64,2.52,1.4,4.5,97060.4,425,-3007,1951,28.02,21,33.85,8.25,5358
1,1,1,43.2212791,-0.0515036,432.77,2.52,1.3,4.4,97076.1,658,-1781,653,28.74,21,33.50,8.25,5359
1,1,1,43.2212791,-0.0515046,431.88,1.16,0.3,4.4,97076.1,620,-3013,1225,30.02,19,33.85,8.25,5360
1,1,1,43.2212791,-0.0515024,430.90,-0.19,1.1,4.6,97091.8,606,-1969,789,29.64,19,34.20,8.25,5361
1,1,1,43.2212753,-0.0514994,430.07,-0.19,1.7,4.4,97091.8,348,-2766,1270,29.97,20,33.85,8.25,5362
1,1,1,43.2212753,-0.0514998,429.32,-1.85,0.4,4.1,97111.1,37,-123,-178,29.89,20,33.85,8.25,5363
1,1,1,43.2212753,-0.0515030,428.77,-1.85,1.9,3.6,97114.6,1182,-2805,516,31.63,17,33.85,8.25,5364
1,1,1,43.2212753,-0.0515013,429.20,-2.15,0.3,1.5,97114.6,543,-2010,-94,32.01,20,33.85,8.25,5365
1,1,1,43.2212753,-0.0515008,429.37,-2.09,0.1,0.6,97113.9,575,-1991,-95,32.01,21,33.72,8.25,5366
1,1,1,43.2212753,-0.0515008,429.41,-2.09,0.0,0.2,97113.9,567,-1994,-98,31.94,21,33.85,8.25,5367
1,1,1,43.2212753,-0.0515008,429.41,-2.05,0.0,0.1,97113.4,569,-1992,-99,32.01,21,33.85,8.25,5368
1,1,1,43.2212753,-0.0515007,429.41,-2.05,0.0,0.1,97113.5,569,-1990,-97,31.97,21,33.85,8.25,5369
1,1,1,43.2212753,-0.0515007,429.42,-2.06,0.1,0.0,97113.5,572,-1992,-96,32.22,21,33.85,8.25,5370
1,1,1,43.2212753,-0.0515007,429.42,-2.05,0.0,-0.0,97113.4,573,-1987,-93,32.22,22,33.28,8.24,5371
1,1,1,43.2212753,-0.0515007,429.42,-2.05,0.0,0.0,97113.4,572,-1995,-95,32.21,21,33.85,8.25,5372
1,1,1,43.2212753,-0.0515007,429.42,-2.05,0.0,0.0,97113.3,574,-1991,-92,32.31,22,34.07,8.25,5373
1,1,1,43.2212753,-0.0515007,429.43,-2.05,0.0,0.0,97113.4,571,-1993,-99,32.30,22,33.85,8.25,5374
1,1,1,43.2212753,-0.0515008,429.44,-2.05,0.0,0.0,97113.4,575,-1993,-95,32.48,22,33.98,8.24,5375
1,1,1,43.2212753,-0.0515009,429.45,-2.05,0.1,-0.0,97113.4,569,-1994,-93,32.73,21,33.98,8.25,5376
1,1,1,43.2212753,-0.0515009,429.46,-2.05,0.0,-0.0,97113.4,567,-1992,-98,32.73,21,33.85,8.25,5377
1,1,1,43.2212753,-0.0515009,429.47,-2.05,0.0,-0.0,97113.3,573,-1988,-97,32.45,21,33.72,8.26,5378
1,1,1,43.2212753,-0.0515009,429.48,-2.05,0.0,-0.0,97113.3,573,-1992,-98,32.45,21,33.85,8.25,5379
1,1,1,43.2212753,-0.0515009,429.49,-2.04,0.0,-0.0,97113.3,569,-1989,-97,32.51,21,33.72,8.26,5380
1,1,1,43.2212753,-0.0515010,429.49,-2.05,0.0,0.0,97113.4,571,-1991,-94,32.51,20,33.63,8.24,5381
1,1,1,43.2212753,-0.0515010,429.51,-2.05,0.0,-0.0,97113.4,575,-1989,-96,32.51,20,33.98,8.25,5382
1,1,1,43.2212753,-0.0515011,429.51,-2.06,0.0,0.0,97113.5,567,-1995,-95,32.51,20,34.07,8.25,5383
1,1,1,43.2212753,-0.0515011,429.52,-2.06,0.0,-0.0,97113.5,573,-1990,-99,32.08,20,33.38,8.26,5384
1,1,1,43.2212753,-0.0515012,429.52,-2.06,0.0,0.0,97113.5,574,-1992,-93,32.08,20,33.85,8.25,5385
1,1,1,43.2212753,-0.0515012,429.53,-2.07,0.0,-0.0,97113.6,568,-1992,-93,32.09,20,33.85,8.25,5386
1,1,1,43.2212753,-0.0515013,429.54,-2.07,0.0,-0.0,97113.6,568,-1993,-92,30.95,20,33.85,8.25,5387
1,1,1,43.2212753,-0.0515013,429.54,-2.06,0.1,0.0,97113.5,573,-1990,-90,30.95,20,34.07,8.26,5388
1,1,1,43.2212753,-0.0515013,429.55,-2.06,0.0,0.0,97113.5,570,-1992,-97,29.88,20,33.85,8.25,5389
1,1,1,43.2212753,-0.0515013,429.56,-2.06,0.0,-0.0,97113.5,566,-1992,-98,29.88,20,33.41,8.24,5390
1,1,1,43.2212753,-0.0515014,429.57,-2.05,0.0,-0.0,97113.4,570,-1987,-94,29.13,21,33.63,8.24,5391
1,1,1,43.2212753,-0.0515014,429.59,-2.05,0.0,-0.0,97113.4,573,-1991,-89,28.48,21,33.85,8.25,5392
1,1,1,43.2212753,-0.0515015,429.59,-2.06,0.0,0.0,97113.5,570,-1995,-99,28.48,21,33.85,8.25,5393
1,1,1,43.2212753,-0.0515015,429.60,-2.06,0.0,-0.0,97113.5,573,-1993,-92,28.49,21,33.85,8.25,5394
1,1,1,43.2212753,-0.0515015,429.60,-2.06,0.0,0.0,97113.5,571,-1990,-94,27.92,22,34.20,8.25,5395
1,1,1,43.2212753,-0.0515016,429.62,-2.05,0.0,-0.0,97113.4,567,-1994,-98,27.92,22,33.85,8.25,5396
1,1,1,43.2212753,-0.0515016,429.62,-2.05,0.0,-0.0,97113.5,570,-1996,-94,26.98,22,33.85,8.25,5397
1,1,1,43.2212753,-0.0515017,429.63,-2.06,0.0,0.0,97113.5,569,-1993,-97,26.75,22,33.85,8.24,5398
1,1,1,43.2212753,-0.0515017,429.64,-2.06,0.0,-0.0,97113.6,573,-1992,-97,26.75,22,34.07,8.25,5399
1,1,1,43.2212753,-0.0515017,429.65,-2.07,0.1,-0.0,97113.6,570,-1993,-95,26.54,22,33.85,8.25,5400
1,1,1,43.2212753,-0.0515017,429.65,-2.06,0.0,-0.0,97113.5,573,-1990,-95,26.54,22,34.20,8.25,5401
1,1,1,43.2212753,-0.0515017,429.67,-2.06,0.0,-0.0,97113.6,569,-1991,-91,26.10,21,33.85,8.25,5402
1,1,1,43.2212753,-0.0515017,429.67,-2.07,0.0,-0.0,97113.6,572,-1995,-94,26.10,21,33.85,8.24,5403
1,1,1,43.2212753,-0.0515018,429.68,-2.07,0.0,-0.0,97113.5,568,-1995,-98,25.38,21,33.28,8.24,5404
1,1,1,43.2212753,-0.0515018,429.69,-2.06,0.0,-0.0,97113.5,572,-1990,-96,25.38,21,33.85,8.25,5405
1,1,1,43.2212753,-0.0515018,429.70,-2.06,0.0,-0.0,97113.5,571,-1998,-94,25.08,21,33.85,8.24,5406
1,1,1,43.2212753,-0.0515018,429.70,-2.06,0.0,-0.0,97113.7,571,-1992,-92,25.26,21,33.50,8.24,5407
1,1,1,43.2212753,-0.0515018,429.71,-2.08,0.0,0.0,97113.7,568,-1990,-96,25.27,21,33.72,8.26,5408
1,1,1,43.2212753,-0.0515018,429.72,-2.08,0.0,-0.0,97113.8,570,-1990,-96,25.29,21,33.50,8.24,5409
1,1,1,43.2212753,-0.0515018,429.73,-2.09,0.1,0.0,97113.8,570,-1988,-97,25.30,21,33.72,8.25,5410
1,1,1,43.2212753,-0.0515018,429.74,-2.07,0.1,0.0,97113.7,573,-1991,-101,26.16,21,34.20,8.24,5411
1,1,1,43.2212753,-0.0515018,429.75,-2.07,0.0,-0.0,97113.8,571,-1995,-94,26.15,21,34.07,8.26,5412
1,1,1,43.2212753,-0.0515018,429.76,-2.08,0.0,0.0,97113.8,571,-1991,-98,26.70,21,34.54,8.25,5413
1,1,1,43.2212753,-0.0515017,429.76,-2.08,0.0,0.0,97113.6,568,-1993,-99,26.62,21,33.63,8.24,5414
1,1,1,43.2212753,-0.0515018,429.77,-2.07,0.0,0.0,97113.6,571,-1992,-99,26.61,21,33.85,8.24,5415
1,1,1,43.2212753,-0.0515018,429.78,-2.07,0.0,-0.0,97113.6,573,-1990,-99,26.61,21,34.07,8.26,5416
1,1,1,43.2212753,-0.0515018,429.79,-2.07,0.0,-0.0,97113.6,569,-1987,-93,26.61,22,34.07,8.25,5417
1,1,1,43.2212753,-0.0515018,429.79,-2.07,0.1,0.0,97113.6,572,-1988,-97,27.37,22,33.50,8.25,5418
1,1,1,43.2212753,-0.0515018,429.80,-2.07,0.1,-0.0,97113.7,568,-1996,-101,27.37,22,33.63,8.25,5419
1,1,1,43.2212753,-0.0515018,429.81,-2.08,0.0,0.0,97113.7,565,-1990,-94,27.96,22,33.50,8.25,5420
1,1,1,43.2212753,-0.0515018,429.82,-2.06,0.0,0.0,97113.5,571,-1993,-94,27.96,21,34.20,8.25,5421
1,1,1,43.2212753,-0.0515018,429.83,-2.06,0.0,-0.0,97113.5,569,-1991,-96,27.90,22,33.63,8.24,5422
1,1,1,43.2212753,-0.0515018,429.83,-2.06,0.0,-0.0,97113.5,569,-1990,-96,27.90,22,34.10,8.24,5423
1,1,1,43.2212753,-0.0515019,429.84,-2.06,0.0,0.0,97113.4,571,-1995,-92,27.72,22,34.42,8.26,5424
1,1,1,43.2212753,-0.0515019,429.85,-2.05,0.0,-0.0,97113.4,571,-1994,-100,27.46,22,33.85,8.25,5425
1,1,1,43.2212753,-0.0515019,429.87,-2.07,0.0,-0.0,97113.6,567,-1993,-99,27.46,22,33.85,8.25,5426
1,1,1,43.2212753,-0.0515019,429.88,-2.07,0.0,-0.0,97113.5,570,-1992,-90,27.19,22,33.50,8.25,5427
1,1,1,43.2212753,-0.0515019,429.88,-2.06,0.0,-0.0,97113.5,572,-1995,-96,27.18,22,33.85,8.25,5428
1,1,1,43.2212753,-0.0515019,429.89,-2.06,0.1,0.0,97113.6,565,-1987,-101,27.18,22,34.07,8.25,5429
1,1,1,43.2212753,-0.0515020,429.89,-2.07,0.0,0.0,97113.6,568,-1991,-92,26.77,22,33.85,8.25,5430
1,1,1,43.2212753,-0.0515019,429.90,-2.07,0.0,0.0,97113.6,569,-1993,-94,26.77,21,33.85,8.25,5431
1,1,1,43.2212753,-0.0515020,429.92,-2.07,0.0,-0.0,97113.7,571,-1992,-96,25.81,21,33.50,8.25,5432
1,1,1,43.2212753,-0.0515020,429.93,-2.08,0.1,-0.0,97113.7,569,-1993,-95,25.83,21,33.85,8.24,5433
1,1,1,43.2212753,-0.0515020,429.94,-2.08,0.0,-0.0,97113.8,570,-1993,-99,25.83,21,33.50,8.24,5434
1,1,1,43.2212753,-0.0515020,429.95,-2.08,0.1,-0.0,97113.8,574,-1990,-96,25.83,21,33.85,8.25,5435
1,1,1,43.2212753,-0.0515020,429.95,-2.07,0.0,0.0,97113.6,574,-1993,-96,25.83,21,33.50,8.25,5436
1,1,1,43.2212753,-0.0515020,429.97,-2.07,0.0,-0.0,97113.7,572,-1991,-99,25.82,21,33.85,8.24,5437
1,1,1,43.2212753,-0.0515021,429.97,-2.07,0.0,-0.0,97113.7,569,-1990,-97,23.93,21,34.07,8.25,5438
1,1,1,43.2212753,-0.0515020,429.98,-2.07,0.0,0.0,97113.7,572,-1992,-95,23.94,21,33.85,8.24,5439
1,1,1,43.2212753,-0.0515021,429.99,-2.08,0.0,-0.0,97113.7,574,-1993,-94,23.93,21,33.63,8.24,5440
1,1,1,43.2212753,-0.0515021,430.00,-2.08,0.1,0.0,97113.7,571,-1986,-99,23.94,21,34.20,8.24,5441
1,1,1,43.2212753,-0.0515021,430.02,-2.08,0.1,-0.0,97113.7,572,-1994,-92,23.94,21,34.20,8.25,5442
1,1,1,43.2212753,-0.0515021,430.02,-2.08,0.0,-0.0,97113.7,565,-1994,-95,24.27,21,34.07,8.25,5443
1,1,1,43.2212753,-0.0515021,430.03,-2.08,0.0,0.0,97113.7,570,-1993,-93,24.27,22,33.85,8.25,5444
1,1,1,43.2212753,-0.0515021,430.05,-2.08,0.0,-0.0,97113.7,567,-1992,-95,24.27,22,33.50,8.24,5445
1,1,1,43.2212753,-0.0515021,430.05,-2.08,0.0,0.0,97113.8,568,-1990,-95,24.27,22,34.20,8.25,5446
1,1,1,43.2212753,-0.0515020,430.07,-2.08,0.1,-0.0,97113.7,570,-1994,-102,24.27,21,33.85,8.25,5447
1,1,1,43.2212753,-0.0515021,430.07,-2.08,0.0,0.0,97113.7,571,-1992,-96,24.26,22,34.20,8.25,5448
1,1,1,43.2212753,-0.0515021,430.08,-2.08,0.0,-0.0,97113.8,572,-1990,-93,24.27,22,33.85,8.24,5449
1,1,1,43.2212753,-0.0515021,430.09,-2.08,0.0,-0.0,97113.8,573,-1993,-93,24.27,22,33.85,8.25,5450
1,1,1,43.2212753,-0.0515021,430.09,-2.08,0.0,0.0,97113.7,569,-1990,-98,24.27,21,33.85,8.25,5451
1,1,1,43.2212753,-0.0515021,430.10,-2.08,0.1,-0.0,97113.8,565,-1987,-97,24.27,22,33.50,8.25,5452
1,1,1,43.2212753,-0.0515022,430.11,-2.09,0.0,-0.0,97113.8,573,-1991,-95,24.27,22,33.98,8.24,5453
1,1,1,43.2212753,-0.0515022,430.12,-2.09,0.0,-0.0,97113.8,570,-1994,-98,24.28,22,33.63,8.24,5454
1,1,1,43.2212753,-0.0515022,430.12,-2.09,0.0,0.0,97113.8,569,-1993,-95,24.28,22,33.85,8.24,5455
1,1,1,43.2212753,-0.0515022,430.14,-2.08,0.1,-0.0,97113.7,569,-1995,-97,24.28,21,33.85,8.25,5456
1,1,1,43.2212753,-0.0515022,430.14,-2.08,0.0,0.0,97114.0,571,-1997,-97,24.27,21,33.85,8.25,5457
1,1,1,43.2212753,-0.0515023,430.15,-2.11,0.1,0.0,97114.0,570,-1992,-95,24.28,21,33.85,8.25,5458
1,1,1,43.2212753,-0.0515023,430.15,-2.11,0.0,0.0,97113.9,569,-1987,-93,24.28,21,33.85,8.25,5459
1,1,1,43.2212753,-0.0515023,430.16,-2.10,0.0,0.0,97113.9,566,-1997,-94,24.28,21,34.42,8.26,5460
1,1,1,43.2212753,-0.0515023,430.16,-2.09,0.0,0.0,97113.8,569,-1991,-101,24.28,21,33.85,8.25,5461
1,1,1,43.2212753,-0.0515024,430.18,-2.09,0.0,-0.0,97113.8,569,-1991,-94,24.28,21,33.85,8.25,5462
1,1,1,43.2212753,-0.0515024,430.18,-2.09,0.1,-0.0,97113.8,572,-1992,-97,24.29,21,33.85,8.24,5463
1,1,1,43.2212753,-0.0515024,430.19,-2.09,0.0,-0.0,97113.7,567,-1992,-101,24.29,21,33.85,8.25,5464
1,1,1,43.2212753,-0.0515024,430.20,-2.08,0.0,-0.0,97113.7,571,-1989,-100,24.29,21,34.20,8.24,5465
1,1,1,43.2212753,-0.0515024,430.20,-2.08,0.0,0.0,97113.7,574,-1988,-100,24.29,21,33.85,8.25,5466
1,1,1,43.2212753,-0.0515025,430.21,-2.08,0.0,-0.0,97113.6,571,-1995,-91,24.29,21,33.85,8.25,5467
1,1,1,43.2212753,-0.0515025,430.22,-2.07,0.0,-0.0,97113.6,574,-1993,-97,24.29,21,33.85,8.25,5468
1,1,1,43.2212753,-0.0515025,430.22,-2.07,0.0,0.0,97113.6,570,-1994,-95,24.29,21,34.20,8.25,5469
1,1,1,43.2212753,-0.0515025,430.24,-2.07,0.0,-0.0,97113.6,571,-1990,-96,24.29,21,33.85,8.25,5470
1,1,1,43.2212753,-0.0515026,430.24,-2.07,0.0,0.0,97113.7,571,-1993,-93,24.29,21,34.20,8.25,5471
1,1,1,43.2212753,-0.0515026,430.25,-2.07,0.0,-0.0,97113.6,568,-1986,-97,24.30,21,33.85,8.25,5472
1,1,1,43.2212753,-0.0515026,430.26,-2.07,0.0,0.0,97113.6,568,-1991,-98,24.30,21,33.85,8.25,5473
1,1,1,43.2212753,-0.0515026,430.27,-2.07,0.0,-0.0,97113.5,568,-1994,-100,24.30,21,33.85,8.25,5474
1,1,1,43.2212753,-0.0515027,430.27,-2.06,0.0,-0.0,97113.5,572,-1990,-94,24.30,21,33.85,8.24,5475
1,1,1,43.2212753,-0.0515027,430.27,-2.07,0.0,0.0,97113.6,570,-1989,-98,24.30,21,33.63,8.24,5476
1,1,1,43.2212753,-0.0515027,430.29,-2.07,0.0,-0.0,97113.5,569,-1991,-98,24.31,21,33.85,8.24,5477
1,1,1,43.2212753,-0.0515028,430.30,-2.06,0.0,-0.0,97113.5,570,-1992,-94,24.31,21,33.85,8.25,5478
1,1,1,43.2212753,-0.0515028,430.30,-2.06,0.0,-0.0,97113.6,571,-1991,-99,24.31,21,33.85,8.25,5479
1,1,1,43.2212753,-0.0515028,430.30,-2.07,0.1,0.0,97113.6,567,-1996,-93,24.31,21,34.20,8.25,5480
1,1,1,43.2212753,-0.0515028,430.32,-2.07,0.0,-0.0,97113.6,571,-1988,-98,24.31,21,34.20,8.25,5481
1,1,1,43.2212753,-0.0515029,430.32,-2.07,0.0,0.0,97113.7,571,-1992,-94,24.31,21,34.20,8.25,5482
1,1,1,43.2212753,-0.0515029,430.33,-2.07,0.0,-0.0,97113.7,567,-1992,-97,24.32,21,33.50,8.25,5483
1,1,1,43.2212753,-0.0515030,430.33,-2.07,0.0,-0.0,97113.8,571,-1991,-94,24.32,21,33.85,8.25,5484
1,1,1,43.2212753,-0.0515030,430.33,-2.08,0.0,-0.0,97113.8,567,-1994,-95,24.33,21,34.20,8.25,5485
1,1,1,43.2212753,-0.0515030,430.34,-2.07,0.0,-0.0,97113.6,570,-1993,-99,24.33,21,33.85,8.24,5486
1,1,1,43.2212753,-0.0515031,430.34,-2.07,0.0,-0.0,97113.5,572,-1989,-95,24.33,21,34.20,8.25,5487
1,1,1,43.2212753,-0.0515031,430.35,-2.06,0.0,-0.0,97113.5,571,-1993,-98,24.33,21,33.85,8.25,5488
1,1,1,43.2212753,-0.0515031,430.35,-2.06,0.0,-0.0,97113.7,565,-1992,-94,24.33,21,33.98,8.24,5489
1,1,1,43.2212753,-0.0515032,430.35,-2.08,0.0,0.0,97113.7,567,-1990,-93,24.33,21,34.20,8.25,5490
1,1,1,43.2212753,-0.0515032,430.35,-2.07,0.0,0.0,97113.6,571,-1995,-97,24.34,21,33.85,8.24,5491
1,1,1,43.2212753,-0.0515032,430.36,-2.07,0.0,-0.0,97113.7,569,-1993,-99,24.34,21,33.50,8.25,5492
1,1,1,43.2212753,-0.0515033,430.36,-2.08,0.0,-0.0,97113.7,568,-1990,-99,24.34,21,34.20,8.24,5493
1,1,1,43.2212753,-0.0515033,430.37,-2.08,0.0,-0.0,97114.0,568,-1994,-93,24.35,22,34.20,8.25,5494
1,1,1,43.2212753,-0.0515033,430.38,-2.10,0.0,-0.0,97114.0,571,-1989,-89,24.35,22,33.85,8.25,5495
1,1,1,43.2212753,-0.0515034,430.38,-2.10,0.0,-0.0,97114.0,571,-1991,-101,24.35,22,34.20,8.25,5496
1,1,1,43.2212753,-0.0515034,430.38,-2.10,0.0,-0.0,97114.1,567,-1995,-92,24.36,22,34.20,8.24,5497
1,1,1,43.2212753,-0.0515035,430.38,-2.11,0.0,0.0,97114.1,568,-1995,-97,24.36,22,34.54,8.25,5498
1,1,1,43.2212753,-0.0515035,430.39,-2.11,0.1,-0.0,97113.7,572,-1987,-99,24.37,22,34.20,8.25,5499
1,1,1,43.2212753,-0.0515035,430.39,-2.08,0.0,-0.0,97113.7,572,-1994,-96,24.36,22,34.20,8.25,5500
1,1,1,43.2212753,-0.0515036,430.39,-2.08,0.0,-0.0,97113.7,571,-1992,-99,24.36,21,34.20,8.25,5501
1,1,1,43.2212753,-0.0515036,430.40,-2.08,0.0,-0.0,97113.6,569,-1991,-94,24.37,21,34.20,8.25,5502
1,1,1,43.2212753,-0.0515036,430.40,-2.07,0.0,-0.0,97113.6,568,-1989,-96,24.37,21,33.85,8.25,5503
1,1,1,43.2212753,-0.0515036,430.41,-2.07,0.0,-0.0,97113.8,570,-1989,-100,24.37,21,34.20,8.25,5504
1,1,1,43.2212753,-0.0515037,430.41,-2.08,0.1,0.0,97113.8,568,-1994,-92,24.37,21,34.20,8.25,5505
1,1,1,43.2212753,-0.0515037,430.42,-2.08,0.0,-0.0,97113.8,570,-1995,-98,24.37,21,34.20,8.25,5506
1,1,1,43.2212753,-0.0515037,430.42,-2.08,0.0,0.0,97113.6,572,-1992,-96,24.38,21,34.20,8.25,5507
1,1,1,43.2212753,-0.0515037,430.43,-2.07,0.0,-0.0,97113.6,575,-1988,-91,24.37,20,34.42,8.25,5508
1,1,1,43.2212753,-0.0515038,430.43,-2.07,0.0,0.0,97113.7,575,-1994,-99,24.37,21,33.85,8.24,5509
1,1,1,43.2212753,-0.0515038,430.44,-2.08,0.0,-0.0,97113.7,572,-1992,-98,24.38,21,33.28,8.24,5510
1,1,1,43.2212753,-0.0515038,430.45,-2.07,0.0,-0.0,97113.7,570,-1994,-98,24.38,21,33.85,8.24,5511
1,1,1,43.2212753,-0.0515039,430.45,-2.07,0.0,0.0,97113.8,569,-1995,-100,24.38,21,34.20,8.25,5512
1,1,1,43.2212753,-0.0515038,430.46,-2.08,0.0,-0.0,97113.8,572,-1993,-95,24.39,21,34.07,8.25,5513
1,1,1,43.2212753,-0.0515039,430.48,-2.08,0.0,-0.0,97113.9,568,-1992,-90,24.38,21,34.07,8.26,5514
1,1,1,43.2212753,-0.0515039,430.48,-2.09,0.1,0.0,97113.9,566,-1995,-95,24.39,21,33.85,8.24,5515
1,1,1,43.2212753,-0.0515040,430.48,-2.10,0.0,0.0,97113.9,570,-1990,-97,24.39,21,34.07,8.25,5516
1,1,1,43.2212753,-0.0515040,430.49,-2.10,0.0,-0.0,97114.2,567,-1988,-95,24.40,21,33.85,8.24,5517
1,1,1,43.2212753,-0.0515040,430.49,-2.12,0.0,0.0,97114.2,568,-1990,-99,24.40,21,33.76,8.24,5518
1,1,1,43.2212753,-0.0515041,430.50,-2.12,0.0,-0.0,97113.9,567,-1990,-97,24.40,21,34.20,8.24,5519
1,1,1,43.2212753,-0.0515040,430.51,-2.10,0.0,0.0,97113.9,570,-1991,-99,24.40,21,33.98,8.24,5520
1,1,1,43.2212753,-0.0515041,430.51,-2.07,0.0,0.0,97113.6,572,-1991,-100,24.40,21,33.72,8.25,5521
1,1,1,43.2212753,-0.0515041,430.52,-2.07,0.0,0.0,97113.7,569,-1993,-97,24.40,21,33.98,8.24,5522
1,1,1,43.2212753,-0.0515041,430.52,-2.07,0.0,0.0,97113.7,569,-1995,-99,24.40,21,34.07,8.26,5523
1,1,1,43.2212753,-0.0515041,430.54,-2.07,0.0,-0.0,97113.8,570,-1992,-94,24.40,21,33.63,8.24,5524
1,1,1,43.2212753,-0.0515041,430.53,-2.08,0.0,0.0,97113.8,571,-1990,-95,24.40,21,34.42,8.26,5525
1,1,1,43.2212753,-0.0515041,430.55,-2.08,0.0,-0.0,97113.7,569,-1994,-96,24.40,21,33.98,8.25,5526
1,1,1,43.2212753,-0.0515041,430.54,-2.08,0.1,0.0,97113.9,568,-1992,-97,24.40,21,34.20,8.24,5527
1,1,1,43.2212753,-0.0515041,430.56,-2.09,0.0,-0.0,97113.9,569,-1996,-94,24.40,20,34.07,8.25,5528
1,1,1,43.2212753,-0.0515041,430.56,-2.09,0.0,0.0,97113.9,570,-1991,-92,24.40,20,34.20,8.24,5529
1,1,1,43.2212753,-0.0515041,430.57,-2.09,0.0,-0.0,97113.9,570,-1992,-94,24.40,21,33.85,8.25,5530
1,1,1,43.2212753,-0.0515041,430.57,-2.10,0.0,-0.0,97113.9,568,-1996,-97,24.40,21,34.54,8.24,5531
1,1,1,43.2212753,-0.0515041,430.58,-2.10,0.0,-0.0,97114.1,572,-1990,-99,24.40,20,34.07,8.25,5532
1,1,1,43.2212753,-0.0515041,430.58,-2.11,0.1,-0.0,97114.1,567,-1991,-97,24.41,21,34.20,8.24,5533
1,1,1,43.2212753,-0.0515041,430.58,-2.11,0.0,0.0,97114.0,568,-1988,-98,24.41,21,33.85,8.24,5534
1,1,1,43.2212753,-0.0515041,430.58,-2.10,0.0,0.0,97114.0,570,-1994,-98,24.40,21,33.85,8.25,5535
1,1,1,43.2212753,-0.0515041,430.59,-2.12,0.0,-0.0,97114.2,568,-1990,-98,24.40,21,34.32,8.25,5536
1,1,1,43.2212753,-0.0515041,430.60,-2.12,0.1,-0.0,97114.1,571,-1993,-92,24.41,21,33.98,8.24,5537
1,1,1,43.2212753,-0.0515041,430.60,-2.11,0.0,0.0,97114.1,573,-1991,-98,24.41,21,34.20,8.25,5538
1,1,1,43.2212753,-0.0515042,430.61,-2.11,0.0,-0.0,97114.0,567,-1993,-92,24.41,20,33.63,8.24,5539
1,1,1,43.2212753,-0.0515042,430.61,-2.10,0.0,0.0,97114.0,568,-1992,-97,24.41,21,33.98,8.24,5540
1,1,1,43.2212753,-0.0515042,430.61,-2.08,0.0,0.0,97113.7,569,-1997,-95,24.41,22,34.20,8.24,5541
1,1,1,43.2212753,-0.0515042,430.62,-2.08,0.0,-0.0,97113.8,574,-1994,-96,24.41,22,33.85,8.25,5542
1,1,1,43.2212753,-0.0515042,430.63,-2.08,0.0,-0.0,97113.8,572,-1991,-97,24.41,22,33.85,8.24,5543
1,1,1,43.2212753,-0.0515042,430.62,-2.08,0.0,0.0,97113.8,570,-1991,-101,24.41,21,33.98,8.24,5544
1,1,1,43.2212753,-0.0515042,430.63,-2.08,0.1,0.0,97113.8,567,-1993,-96,24.41,22,34.20,8.25,5545
1,1,1,43.2212753,-0.0515042,430.64,-2.08,0.0,-0.0,97113.8,570,-1992,-101,24.41,21,34.20,8.25,5546
1,1,1,43.2212753,-0.0515042,430.64,-2.08,0.0,-0.0,97114.0,563,-1994,-97,24.41,21,34.42,8.25,5547
1,1,1,43.2212753,-0.0515042,430.64,-2.10,0.0,0.0,97114.0,574,-1990,-98,24.41,22,33.85,8.25,5548
1,1,1,43.2212753,-0.0515043,430.65,-2.10,0.1,-0.0,97114.1,568,-1990,-93,24.41,22,33.63,8.24,5549
1,1,1,43.2212753,-0.0515043,430.65,-2.11,0.1,0.0,97114.1,570,-1987,-97,24.42,22,34.32,8.25,5550
1,1,1,43.2212753,-0.0515043,430.66,-2.11,0.1,-0.0,97114.1,566,-1989,-98,24.42,22,34.42,8.25,5551
1,1,1,43.2212753,-0.0515043,430.66,-2.11,0.0,-0.0,97114.2,571,-1993,-103,24.42,22,34.20,8.25,5552
1,1,1,43.2212753,-0.0515044,430.66,-2.12,0.0,0.0,97114.2,569,-1995,-95,24.42,22,33.98,8.24,5553
1,1,1,43.2212753,-0.0515044,430.67,-2.12,0.0,-0.0,97114.2,570,-1988,-97,24.43,22,34.42,8.25,5554
1,1,1,43.2212753,-0.0515044,430.67,-2.12,0.0,0.0,97114.2,570,-1991,-98,24.43,22,34.42,8.25,5555
1,1,1,43.2212753,-0.0515044,430.68,-2.10,0.0,-0.0,97114.0,570,-1990,-99,24.43,22,33.63,8.24,5556
1,1,1,43.2212753,-0.0515045,430.67,-2.10,0.0,0.0,97114.0,567,-1991,-94,24.42,22,34.20,8.24,5557
1,1,1,43.2212753,-0.0515045,430.68,-2.10,0.0,0.0,97114.0,567,-1992,-99,24.43,22,34.20,8.25,5558
1,1,1,43.2212753,-0.0515045,430.69,-2.10,0.1,-0.0,97114.2,570,-1991,-92,24.43,22,34.20,8.24,5559
1,1,1,43.2212753,-0.0515045,430.69,-2.12,0.0,0.0,97114.2,574,-1991,-93,24.43,22,33.85,8.25,5560
1,1,1,43.2212753,-0.0515045,430.69,-2.14,0.0,0.0,97114.4,571,-1993,-98,24.43,22,34.54,8.24,5561
1,1,1,43.2212753,-0.0515045,430.70,-2.14,0.0,0.0,97114.3,569,-1989,-98,24.44,22,34.20,8.25,5562
1,1,1,43.2212753,-0.0515045,430.71,-2.13,0.0,0.0,97114.3,565,-1992,-99,24.44,22,33.85,8.25,5563
1,1,1,43.2212753,-0.0515045,430.72,-2.13,0.0,-0.0,97114.4,569,-1994,-98,24.44,22,33.85,8.26,5564
1,1,1,43.2212753,-0.0515046,430.72,-2.14,0.0,0.0,97114.4,572,-1994,-97,24.44,22,33.85,8.24,5565
1,1,1,43.2212753,-0.0515046,430.73,-2.14,0.0,-0.0,97114.5,567,-1990,-92,24.44,22,34.20,8.25,5566
1,1,1,43.2212753,-0.0515046,430.73,-2.14,0.0,0.0,97114.5,568,-1988,-92,24.44,22,33.98,8.24,5567
1,1,1,43.2212753,-0.0515046,430.74,-2.14,0.0,-0.0,97114.5,570,-1991,-100,24.44,22,34.20,8.25,5568
1,1,1,43.2212753,-0.0515046,430.75,-2.14,0.0,0.0,97114.8,572,-1987,-97,24.44,22,33.63,8.24,5569
1,1,1,43.2212753,-0.0515046,430.76,-2.17,0.0,-0.0,97114.8,569,-1994,-100,24.45,22,34.20,8.25,5570
1,1,1,43.2212753,-0.0515046,430.76,-2.16,0.0,-0.0,97114.7,568,-1988,-93,24.45,22,34.20,8.24,5571
1,1,1,43.2212753,-0.0515046,430.77,-2.16,0.0,-0.0,97114.7,567,-1995,-96,24.45,22,33.85,8.25,5572
1,1,1,43.2212753,-0.0515046,430.77,-2.17,0.0,-0.0,97114.7,573,-1992,-92,24.45,22,34.20,8.24,5573
1,1,1,43.2212753,-0.0515047,430.78,-2.17,0.0,-0.0,97114.7,571,-1989,-93,24.45,22,33.98,8.24,5574
1,1,1,43.2212753,-0.0515047,430.78,-2.17,0.0,-0.0,97114.7,565,-1994,-97,24.45,22,34.20,8.25,5575
1,1,1,43.2212753,-0.0515047,430.79,-2.15,0.0,-0.0,97114.5,570,-1987,-102,24.45,22,34.20,8.25,5576
1,1,1,43.2212753,-0.0515047,430.79,-2.15,0.0,-0.0,97114.7,569,-1988,-95,24.45,22,34.20,8.25,5577
1,1,1,43.2212753,-0.0515047,430.80,-2.16,0.0,-0.0,97114.7,572,-1997,-96,24.45,22,33.85,8.25,5578
1,1,1,43.2212753,-0.0515047,430.80,-2.16,0.0,0.0,97114.5,568,-1992,-95,24.45,22,34.07,8.25,5579
1,1,1,43.2212753,-0.0515047,430.81,-2.15,0.0,0.0,97114.5,570,-1993,-99,24.45,22,34.20,8.25,5580
1,1,1,43.2212753,-0.0515047,430.82,-2.14,0.0,-0.0,97114.5,569,-1993,-95,24.45,22,33.85,8.24,5581
1,1,1,43.2212753,-0.0515047,430.82,-2.14,0.0,0.0,97114.3,571,-1993,-89,24.45,22,33.98,8.24,5582
1,1,1,43.2212753,-0.0515047,430.83,-2.13,0.1,0.0,97114.3,572,-1993,-99,24.45,22,34.20,8.25,5583
1,1,1,43.2212753,-0.0515048,430.83,-2.13,0.0,0.0,97114.4,570,-1995,-97,24.45,22,34.20,8.25,5584
1,1,1,43.2212753,-0.0515048,430.84,-2.14,0.0,-0.0,97114.4,573,-1989,-100,24.46,22,34.20,8.25,5585
1,1,1,43.2212753,-0.0515048,430.84,-2.13,0.0,-0.0,97114.3,572,-1994,-99,24.46,22,34.54,8.25,5586
1,1,1,43.2212753,-0.0515048,430.85,-2.13,0.0,-0.0,97114.5,568,-1993,-100,24.46,22,34.20,8.24,5587
1,1,1,43.2212753,-0.0515049,430.86,-2.14,0.0,-0.0,97114.5,568,-1991,-98,24.46,22,34.20,8.25,5588
1,1,1,43.2212753,-0.0515049,430.87,-2.14,0.0,-0.0,97114.4,572,-1990,-101,24.46,22,34.54,8.24,5589
1,1,1,43.2212753,-0.0515049,430.86,-2.13,0.0,0.0,97114.4,571,-1994,-97,24.46,22,34.20,8.25,5590
1,1,1,43.2212753,-0.0515049,430.87,-2.13,0.1,-0.0,97114.3,574,-1994,-98,24.46,22,34.20,8.25,5591
1,1,1,43.2212753,-0.0515050,430.87,-2.13,0.1,0.0,97114.3,567,-1994,-99,24.46,22,34.20,8.25,5592
1,1,1,43.2212753,-0.0515050,430.88,-2.13,0.0,-0.0,97114.3,569,-1995,-101,24.47,22,33.85,8.24,5593
1,1,1,43.2212753,-0.0515050,430.88,-2.13,0.0,0.0,97114.4,572,-1992,-99,24.47,22,34.20,8.25,5594
1,1,1,43.2212753,-0.0515050,430.89,-2.13,0.0,-0.0,97114.4,572,-1990,-103,24.47,22,34.20,8.24,5595
1,1,1,43.2212753,-0.0515050,430.89,-2.13,0.1,-0.0,97114.4,571,-1991,-97,24.47,21,34.20,8.25,5596
1,1,1,43.2212753,-0.0515051,430.90,-2.13,0.0,-0.0,97114.2,571,-1991,-95,24.47,21,33.85,8.25,5597
1,1,1,43.2212753,-0.0515051,430.90,-2.12,0.0,-0.0,97114.2,571,-1990,-97,24.47,21,34.20,8.25,5598
1,1,1,43.2212753,-0.0515051,430.92,-2.12,0.0,-0.0,97114.4,574,-1989,-98,24.47,21,34.54,8.24,5599
1,1,1,43.2212753,-0.0515052,430.92,-2.13,0.0,-0.0,97114.4,575,-1995,-92,24.48,21,34.20,8.25,5600
1,1,1,43.2212753,-0.0515052,430.92,-2.14,0.0,0.0,97114.4,567,-1990,-98,24.48,21,34.20,8.25,5601
1,1,1,43.2212753,-0.0515052,430.92,-2.14,0.0,0.0,97114.5,572,-1991,-97,24.48,21,33.85,8.25,5602
1,1,1,43.2212753,-0.0515052,430.93,-2.15,0.0,-0.0,97114.5,570,-1991,-97,24.48,21,34.20,8.25,5603
1,1,1,43.2212753,-0.0515052,430.94,-2.15,0.0,-0.0,97114.6,575,-1992,-97,24.48,21,34.20,8.25,5604
1,1,1,43.2212753,-0.0515053,430.95,-2.15,0.0,-0.0,97114.6,571,-1987,-96,24.48,21,34.20,8.24,5605
1,1,1,43.2212753,-0.0515053,430.95,-2.16,0.1,-0.0,97114.7,572,-1992,-100,24.49,21,34.20,8.25,5606
1,1,1,43.2212753,-0.0515053,430.95,-2.16,0.0,0.0,97114.7,569,-1995,-99,24.49,21,34.20,8.24,5607
1,1,1,43.2212753,-0.0515053,430.96,-2.16,0.1,-0.0,97114.7,565,-1990,-98,24.49,20,34.20,8.25,5608
1,1,1,43.2212753,-0.0515053,430.95,-2.16,0.0,0.0,97114.8,572,-1997,-97,24.49,21,33.85,8.25,5609
1,1,1,43.2212753,-0.0515053,430.96,-2.17,0.1,0.0,97114.8,571,-1994,-96,24.49,21,34.20,8.25,5610
1,1,1,43.2212753,-0.0515053,430.97,-2.16,0.0,-0.0,97114.7,568,-1993,-94,24.49,21,33.98,8.24,5611
1,1,1,43.2212753,-0.0515053,430.97,-2.16,0.0,0.0,97114.7,570,-1990,-99,24.49,22,34.20,8.25,5612
1,1,1,43.2212753,-0.0515053,430.97,-2.16,0.0,0.0,97114.7,568,-1991,-100,24.49,21,34.20,8.24,5613
1,1,1,43.2212753,-0.0515053,430.98,-2.16,0.1,0.0,97114.7,571,-1994,-98,24.49,21,34.20,8.24,5614
1,1,1,43.2212753,-0.0515053,430.98,-2.16,0.0,-0.0,97114.7,568,-1990,-98,24.49,21,33.85,8.24,5615
1,1,1,43.2212753,-0.0515053,430.99,-2.16,0.0,-0.0,97114.6,565,-1997,-98,24.49,21,34.54,8.24,5616
1,1,1,43.2212753,-0.0515053,430.98,-2.16,0.0,0.0,97114.8,570,-1994,-98,24.49,21,33.85,8.25,5617
1,1,1,43.2212753,-0.0515053,430.99,-2.17,0.0,-0.0,97114.8,570,-1992,-96,24.49,21,33.98,8.24,5618
1,1,1,43.2212753,-0.0515053,430.99,-2.17,0.1,-0.0,97114.7,568,-1989,-99,24.49,21,34.07,8.25,5619
1,1,1,43.2212753,-0.0515053,430.99,-2.16,0.0,0.0,97114.7,567,-1992,-99,24.49,21,34.20,8.24,5620
1,1,1,43.2212753,-0.0515053,431.00,-2.16,0.0,0.0,97114.7,571,-1989,-97,24.49,21,33.85,8.24,5621
1,1,1,43.2212753,-0.0515053,431.00,-2.16,0.1,-0.0,97114.5,569,-1991,-100,24.49,21,34.54,8.24,5622
1,1,1,43.2212753,-0.0515053,431.00,-2.15,0.0,-0.0,97114.5,570,-1995,-95,24.49,21,34.54,8.24,5623
1,1,1,43.2212753,-0.0515053,431.00,-2.15,0.0,0.0,97114.6,569,-1992,-98,24.49,21,34.20,8.24,5624
1,1,1,43.2212753,-0.0515053,431.00,-2.16,0.0,-0.0,97114.6,569,-1996,-98,24.49,21,34.54,8.24,5625
1,1,1,43.2212753,-0.0515053,431.01,-2.16,0.0,-0.0,97114.6,571,-1992,-102,24.49,21,34.42,8.26,5626
1,1,1,43.2212753,-0.0515053,431.01,-2.16,0.0,-0.0,97114.6,568,-1991,-95,24.49,21,34.20,8.25,5627
1,1,1,43.2212753,-0.0515052,431.01,-2.15,0.0,-0.0,97114.6,570,-1990,-97,24.49,21,34.42,8.25,5628
1,1,1,43.2212753,-0.0515053,431.01,-2.15,0.0,0.0,97114.6,572,-1995,-97,24.49,21,33.98,8.24,5629
1,1,1,43.2212753,-0.0515053,431.01,-2.16,0.0,-0.0,97114.6,569,-1990,-100,24.49,21,34.42,8.26,5630
1,1,1,43.2212753,-0.0515053,431.01,-2.16,0.0,-0.0,97114.7,568,-1993,-101,24.49,21,34.54,8.24,5631
1,1,1,43.2212753,-0.0515053,431.01,-2.16,0.0,0.0,97114.7,568,-1994,-96,24.49,21,34.54,8.25,5632
1,1,1,43.2212753,-0.0515053,431.01,-2.16,0.0,-0.0,97114.7,570,-1992,-101,24.49,21,34.76,8.25,5633
1,1,1,43.2212753,-0.0515052,431.01,-2.16,0.0,-0.0,97115.1,566,-1996,-97,24.49,21,34.32,8.25,5634
1,1,1,43.2212753,-0.0515053,431.02,-2.19,0.0,-0.0,97115.1,566,-1988,-105,24.49,21,33.98,8.24,5635
1,1,1,43.2212753,-0.0515053,431.01,-2.17,0.0,0.0,97114.8,567,-1989,-97,24.50,21,34.20,8.25,5636
1,1,1,43.2212753,-0.0515053,431.02,-2.17,0.0,-0.0,97114.6,569,-1993,-96,24.49,21,33.98,8.24,5637
1,1,1,43.2212753,-0.0515053,431.02,-2.16,0.0,-0.0,97114.6,571,-1991,-98,24.49,21,34.54,8.25,5638
1,1,1,43.2212753,-0.0515053,431.01,-2.16,0.0,0.0,97114.5,565,-1992,-97,24.49,21,34.76,8.25,5639
1,1,1,43.2212753,-0.0515053,431.02,-2.15,0.0,-0.0,97114.5,570,-1992,-98,24.49,21,34.42,8.25,5640
1,1,1,43.2212753,-0.0515053,431.02,-2.16,0.0,-0.0,97114.7,572,-1993,-97,24.49,21,34.54,8.25,5641
1,1,1,43.2212753,-0.0515053,431.02,-2.16,0.0,0.0,97114.7,570,-1990,-100,24.49,21,34.32,8.24,5642
1,1,1,43.2212753,-0.0515054,431.02,-2.16,0.0,0.0,97114.7,573,-1992,-97,24.49,21,33.98,8.24,5643
1,1,1,43.2212753,-0.0515054,431.02,-2.16,0.0,0.0,97115.1,568,-1991,-98,24.50,21,33.63,8.24,5644
1,1,1,43.2212753,-0.0515054,431.01,-2.20,0.0,0.0,97115.1,571,-1995,-96,24.50,21,33.85,8.24,5645
1,1,1,43.2212753,-0.0515054,431.02,-2.15,0.0,0.0,97114.6,566,-1995,-98,24.50,21,34.20,8.25,5646
1,1,1,43.2212753,-0.0515054,431.02,-2.15,0.0,-0.0,97114.7,570,-1992,-100,24.50,21,34.20,8.24,5647
1,1,1,43.2212753,-0.0515054,431.02,-2.16,0.0,0.0,97114.7,575,-1995,-97,24.50,21,34.20,8.25,5648
1,1,1,43.2212753,-0.0515054,431.02,-2.16,0.0,0.0,97114.5,568,-1990,-99,24.50,21,34.54,8.24,5649
1,1,1,43.2212753,-0.0515054,431.02,-2.15,0.0,-0.0,97114.5,568,-1992,-100,24.50,21,34.20,8.24,5650
1,1,1,43.2212753,-0.0515054,431.02,-2.18,0.0,0.0,97114.9,572,-1993,-100,24.50,21,34.54,8.24,5651
1,1,1,43.2212753,-0.0515054,431.02,-2.18,0.0,-0.0,97114.8,564,-1992,-94,24.50,21,34.54,8.25,5652
1,1,1,43.2212753,-0.0515054,431.02,-2.17,0.1,0.0,97114.8,566,-1992,-98,24.50,21,35.11,8.25,5653
1,1,1,43.2212753,-0.0515054,431.02,-2.17,0.0,0.0,97114.9,569,-1993,-95,24.50,21,34.54,8.25,5654
1,1,1,43.2212753,-0.0515054,431.02,-2.18,0.0,-0.0,97114.9,572,-1990,-101,24.50,21,34.54,8.24,5655
1,1,1,43.2212753,-0.0515054,431.02,-2.17,0.0,-0.0,97114.8,575,-1990,-97,24.50,21,34.54,8.25,5656
1,1,1,43.2212753,-0.0515054,431.02,-2.17,0.0,-0.0,97114.8,567,-1992,-98,24.50,21,34.54,8.25,5657
1,1,1,43.2212753,-0.0515054,431.02,-2.17,0.0,-0.0,97114.8,570,-1993,-97,24.50,21,34.07,8.25,5658
1,1,1,43.2212753,-0.0515054,431.02,-2.17,0.0,-0.0,97114.7,567,-1989,-99,24.50,21,34.20,8.25,5659
1,1,1,43.2212753,-0.0515054,431.02,-2.16,0.0,0.0,97114.7,568,-1992,-100,24.50,21,34.07,8.25,5660
1,1,1,43.2212753,-0.0515054,431.02,-2.20,0.0,-0.0,97115.1,567,-1995,-100,24.50,22,33.98,8.24,5661
1,1,1,43.2212753,-0.0515054,431.02,-2.20,0.0,0.0,97115.1,568,-1989,-101,24.50,22,34.20,8.25,5662
1,1,1,43.2212753,-0.0515054,431.02,-2.20,0.1,0.0,97115.1,568,-1994,-97,24.50,22,34.20,8.24,5663
1,1,1,43.2212753,-0.0515054,431.03,-2.20,0.0,-0.0,97115.3,568,-1993,-99,24.50,22,34.20,8.24,5664
1,1,1,43.2212753,-0.0515054,431.03,-2.21,0.0,0.0,97115.3,565,-1992,-100,24.51,21,34.20,8.24,5665
1,1,1,43.2212753,-0.0515054,431.04,-2.22,0.0,-0.0,97115.4,570,-1992,-99,24.51,21,34.76,8.25,5666
1,1,1,43.2212753,-0.0515054,431.04,-2.22,0.0,-0.0,97115.4,570,-1992,-101,24.51,21,34.54,8.24,5667
1,1,1,43.2212753,-0.0515054,431.04,-2.22,0.0,-0.0,97115.4,569,-1995,-98,24.51,21,34.20,8.24,5668
1,1,1,43.2212753,-0.0515054,431.04,-2.22,0.0,-0.0,97115.2,570,-1990,-97,24.51,21,34.54,8.24,5669
1,1,1,43.2212753,-0.0515054,431.05,-2.21,0.0,-0.0,97115.2,566,-1990,-100,24.51,21,33.98,8.24,5670
1,1,1,43.2212753,-0.0515054,431.04,-2.23,0.1,0.0,97115.5,569,-1992,-98,24.51,21,34.20,8.24,5671
1,1,1,43.2212753,-0.0515054,431.05,-2.23,0.1,-0.0,97115.5,566,-1995,-95,24.51,21,34.54,8.24,5672
1,1,1,43.2212753,-0.0515054,431.05,-2.23,0.0,-0.0,97115.5,569,-1996,-99,24.51,21,34.20,8.24,5673
1,1,1,43.2212753,-0.0515054,431.05,-2.23,0.0,-0.0,97115.3,570,-1995,-99,24.51,21,34.20,8.25,5674
1,1,1,43.2212753,-0.0515054,431.05,-2.21,0.0,-0.0,97115.3,569,-1992,-101,24.51,21,34.54,8.24,5675
1,1,1,43.2212753,-0.0515054,431.05,-2.22,0.0,-0.0,97115.4,567,-1988,-98,24.51,21,34.54,8.25,5676
1,1,1,43.2212753,-0.0515054,431.05,-2.22,0.0,0.0,97115.5,570,-1993,-95,24.51,21,34.20,8.25,5677
1,1,1,43.2212753,-0.0515054,431.05,-2.23,0.0,0.0,97115.5,565,-1995,-100,24.51,21,34.54,8.25,5678
1,1,1,43.2212753,-0.0515054,431.05,-2.23,0.0,0.0,97115.4,569,-1994,-98,24.51,21,34.20,8.25,5679
1,1,1,43.2212753,-0.0515054,431.05,-2.22,0.0,0.0,97115.4,566,-1993,-99,24.51,21,34.20,8.25,5680
1,1,1,43.2212753,-0.0515054,431.05,-2.24,0.0,-0.0,97115.5,573,-1991,-94,24.51,21,34.54,8.24,5681
1,1,1,43.2212753,-0.0515054,431.05,-2.24,0.0,0.0,97115.6,570,-1998,-95,24.51,21,34.20,8.25,5682
1,1,1,43.2212753,-0.0515055,431.06,-2.24,0.0,-0.0,97115.6,570,-1998,-99,24.51,21,34.20,8.24,5683
1,1,1,43.2212753,-0.0515055,431.06,-2.24,0.0,-0.0,97115.8,571,-1994,-102,24.52,21,34.54,8.25,5684
1,1,1,43.2212753,-0.0515055,431.06,-2.26,0.0,-0.0,97115.8,571,-1994,-97,24.52,20,34.54,8.24,5685
1,1,1,43.2212753,-0.0515055,431.06,-2.26,0.0,-0.0,97115.8,566,-1992,-102,24.52,21,34.54,8.25,5686
1,1,1,43.2212753,-0.0515055,431.05,-2.26,0.0,0.0,97115.6,568,-1993,-100,24.52,21,34.54,8.24,5687
1,1,1,43.2212753,-0.0515055,431.06,-2.24,0.0,-0.0,97115.6,569,-1992,-97,24.52,21,34.07,8.25,5688
1,1,1,43.2212753,-0.0515054,431.05,-2.24,0.0,0.0,97115.5,570,-1988,-102,24.52,21,34.32,8.24,5689
1,1,1,43.2212753,-0.0515055,431.06,-2.23,0.0,0.0,97115.5,567,-1993,-92,24.51,20,34.76,8.25,5690
1,1,1,43.2212753,-0.0515055,431.06,-2.24,0.0,-0.0,97115.5,570,-1994,-95,24.52,21,34.42,8.25,5691
1,1,1,43.2212753,-0.0515055,431.06,-2.24,0.0,0.0,97115.5,567,-1990,-97,24.52,21,34.20,8.24,5692
1,1,1,43.2212753,-0.0515055,431.07,-2.23,0.0,-0.0,97115.5,566,-1994,-97,24.52,21,34.20,8.24,5693
1,1,1,43.2212753,-0.0515055,431.07,-2.23,0.0,-0.0,97115.5,568,-1994,-101,24.52,21,34.32,8.24,5694
1,1,1,43.2212753,-0.0515055,431.08,-2.23,0.0,-0.0,97115.5,566,-1993,-98,24.52,21,34.54,8.24,5695
1,1,1,43.2212753,-0.0515055,431.08,-2.22,0.0,-0.0,97115.4,568,-1996,-96,24.52,21,34.20,8.25,5696
1,1,1,43.2212753,-0.0515055,431.08,-2.22,0.0,0.0,97115.4,567,-1989,-100,24.52,21,34.20,8.24,5697
1,1,1,43.2212753,-0.0515055,431.09,-2.22,0.1,-0.0,97115.4,570,-1990,-103,24.51,21,34.54,8.25,5698
1,1,1,43.2212753,-0.0515055,431.08,-2.22,0.0,-0.0,97115.4,567,-1990,-98,24.51,21,34.32,8.24,5699
1,1,1,43.2212753,-0.0515055,431.09,-2.22,0.0,-0.0,97115.4,569,-1996,-100,24.52,21,34.54,8.25,5700
1,1,1,43.2212753,-0.0515055,431.09,-2.22,0.0,0.0,97115.4,565,-1994,-98,24.52,21,34.20,8.24,5701
1,1,1,43.2212753,-0.0515056,431.09,-2.22,0.0,-0.0,97115.5,570,-1987,-104,24.51,21,34.54,8.25,5702
1,1,1,43.2212753,-0.0515056,431.09,-2.23,0.0,0.0,97115.5,573,-1995,-102,24.52,21,34.32,8.24,5703
1,1,1,43.2212753,-0.0515056,431.10,-2.23,0.0,-0.0,97115.5,568,-1993,-101,24.52,21,34.76,8.25,5704
1,1,1,43.2212753,-0.0515056,431.10,-2.24,0.0,-0.0,97115.5,568,-1992,-95,24.52,21,34.20,8.24,5705
1,1,1,43.2212753,-0.0515056,431.10,-2.24,0.0,0.0,97115.6,569,-1992,-96,24.52,21,34.54,8.25,5706
1,1,1,43.2212753,-0.0515056,431.10,-2.24,0.0,0.0,97115.4,568,-1992,-95,24.52,21,34.20,8.24,5707
1,1,1,43.2212753,-0.0515056,431.10,-2.22,0.0,-0.0,97115.4,568,-1988,-94,24.52,21,34.32,8.24,5708
1,1,1,43.2212753,-0.0515056,431.12,-2.22,0.0,-0.0,97115.6,567,-1996,-97,24.52,22,34.54,8.24,5709
1,1,1,43.2212753,-0.0515056,431.11,-2.24,0.0,-0.0,97115.6,566,-1995,-99,24.52,22,34.54,8.25,5710
1,1,1,43.2212753,-0.0515057,431.11,-2.24,0.1,0.0,97115.5,566,-1994,-102,24.52,21,34.20,8.24,5711
1,1,1,43.2212753,-0.0515057,431.11,-2.24,0.1,0.0,97115.4,566,-1993,-97,24.53,21,34.20,8.25,5712
1,1,1,43.2212753,-0.0515057,431.12,-2.22,0.0,-0.0,97115.4,571,-1990,-99,24.53,21,34.54,8.24,5713
1,1,1,43.2212753,-0.0515057,431.12,-2.22,0.0,-0.0,97115.6,568,-1990,-97,24.53,21,34.32,8.24,5714
1,1,1,43.2212753,-0.0515057,431.12,-2.24,0.0,-0.0,97115.6,569,-1988,-100,24.53,21,34.20,8.24,5715
1,1,1,43.2212753,-0.0515057,431.13,-2.21,0.1,-0.0,97115.3,567,-1988,-94,24.53,21,34.20,8.24,5716
1,1,1,43.2212753,-0.0515057,431.13,-2.21,0.0,-0.0,97115.3,569,-1991,-99,24.53,21,34.54,8.25,5717
1,1,1,43.2212753,-0.0515058,431.13,-2.21,0.0,-0.0,97115.3,569,-1991,-100,24.53,21,34.54,8.25,5718
1,1,1,43.2212753,-0.0515057,431.12,-2.21,0.1,0.0,97115.1,569,-1995,-98,24.53,21,34.42,8.26,5719
1,1,1,43.2212753,-0.0515058,431.13,-2.20,0.0,0.0,97115.1,568,-1991,-97,24.53,21,34.20,8.24,5720
1,1,1,43.2212753,-0.0515058,431.13,-2.21,0.0,-0.0,97115.2,571,-1988,-101,24.53,21,34.20,8.24,5721
1,1,1,43.2212753,-0.0515058,431.14,-2.21,0.0,-0.0,97115.2,570,-1995,-99,24.53,21,33.85,8.24,5722
1,1,1,43.2212753,-0.0515058,431.14,-2.20,0.0,0.0,97115.2,566,-1994,-99,24.53,21,34.54,8.24,5723
1,1,1,43.2212753,-0.0515058,431.14,-2.20,0.1,0.0,97115.0,567,-1992,-100,24.53,21,34.20,8.24,5724
1,1,1,43.2212753,-0.0515058,431.15,-2.19,0.0,0.0,97115.0,573,-1999,-96,24.53,21,34.20,8.24,5725
1,1,1,43.2212753,-0.0515058,431.15,-2.19,0.0,-0.0,97115.1,569,-1989,-97,24.53,21,34.20,8.25,5726
1,1,1,43.2212753,-0.0515058,431.15,-2.19,0.0,-0.0,97114.9,567,-1995,-98,24.53,21,33.85,8.24,5727
1,1,1,43.2212753,-0.0515058,431.15,-2.18,0.0,0.0,97114.9,570,-1991,-99,24.53,21,33.98,8.25,5728
1,1,1,43.2212753,-0.0515059,431.16,-2.18,0.0,-0.0,97115.0,567,-1989,-94,24.53,21,33.98,8.24,5729
1,1,1,43.2212753,-0.0515058,431.17,-2.19,0.0,-0.0,97115.0,571,-1992,-101,24.54,21,34.42,8.25,5730
1,1,1,43.2212753,-0.0515058,431.17,-2.18,0.0,-0.0,97114.9,568,-1993,-102,24.53,21,34.54,8.24,5731
1,1,1,43.2212753,-0.0515059,431.17,-2.18,0.0,0.0,97114.9,568,-1994,-101,24.53,21,34.76,8.25,5732
1,1,1,43.2212753,-0.0515059,431.17,-2.18,0.0,0.0,97114.9,572,-1993,-98,24.54,21,34.89,8.25,5733
1,1,1,43.2212753,-0.0515059,431.17,-2.18,0.0,-0.0,97115.0,569,-1992,-98,24.54,21,34.20,8.24,5734
1,1,1,43.2212753,-0.0515058,431.18,-2.19,0.0,-0.0,97115.0,570,-1991,-98,24.54,21,34.32,8.23,5735
1,1,1,43.2212753,-0.0515059,431.19,-2.18,0.0,-0.0,97114.9,568,-1991,-102,24.53,21,33.85,8.24,5736
1,1,1,43.2212753,-0.0515059,431.18,-2.18,0.0,0.0,97114.6,569,-1993,-99,24.54,21,34.20,8.24,5737
1,1,1,43.2212753,-0.0515059,431.19,-2.15,0.0,-0.0,97114.6,569,-1989,-100,24.53,21,34.76,8.25,5738
1,1,1,43.2212753,-0.0515059,431.19,-2.15,0.0,-0.0,97114.8,572,-1990,-94,24.53,21,34.54,8.25,5739
1,1,1,43.2212753,-0.0515059,431.19,-2.17,0.0,0.0,97114.8,566,-1996,-102,24.53,21,34.54,8.25,5740
1,1,1,43.2212753,-0.0515059,431.20,-2.16,0.0,-0.0,97114.6,570,-1990,-92,24.53,21,33.76,8.23,5741
1,1,1,43.2212753,-0.0515059,431.21,-2.16,0.0,-0.0,97114.6,574,-1989,-99,24.53,21,34.54,8.24,5742
1,1,1,43.2212753,-0.0515059,431.20,-2.16,0.0,-0.0,97114.6,571,-1989,-97,24.53,21,34.54,8.24,5743
1,1,1,43.2212753,-0.0515059,431.20,-2.16,0.0,0.0,97114.5,568,-1995,-103,24.53,21,34.20,8.24,5744
1,1,1,43.2212753,-0.0515059,431.20,-2.14,0.0,-0.0,97114.5,569,-1988,-101,24.53,21,34.20,8.24,5745
1,1,1,43.2212753,-0.0515059,431.21,-2.14,0.0,-0.0,97114.5,569,-1991,-96,24.53,21,34.67,8.25,5746
1,1,1,43.2212753,-0.0515059,431.21,-2.14,0.0,-0.0,97114.3,567,-1992,-97,24.53,21,34.20,8.25,5747
1,1,1,43.2212753,-0.0515059,431.20,-2.13,0.0,0.0,97114.3,569,-1991,-99,24.53,21,34.54,8.24,5748
1,1,1,43.2212753,-0.0515059,431.20,-2.13,0.0,0.0,97114.5,570,-1993,-96,24.53,21,34.20,8.24,5749
1,1,1,43.2212753,-0.0515059,431.20,-2.15,0.0,0.0,97114.5,571,-1997,-100,24.53,21,34.54,8.24,5750
1,1,1,43.2212753,-0.0515059,431.21,-2.11,0.0,0.0,97114.1,573,-1993,-98,24.53,21,34.54,8.24,5751
1,1,1,43.2212753,-0.0515059,431.21,-2.11,0.1,-0.0,97114.2,564,-1992,-99,24.53,22,34.64,8.25,5752
1,1,1,43.2212753,-0.0515059,431.21,-2.12,0.0,0.0,97114.2,568,-1988,-100,24.53,22,34.20,8.24,5753
1,1,1,43.2212753,-0.0515059,431.21,-2.12,0.0,0.0,97114.0,566,-1992,-97,24.53,21,34.54,8.24,5754
1,1,1,43.2212753,-0.0515059,431.21,-2.10,0.0,-0.0,97114.0,571,-1994,-98,24.53,21,34.20,8.24,5755
1,1,1,43.2212753,-0.0515059,431.22,-2.10,0.1,-0.0,97114.0,571,-1989,-100,24.53,21,34.54,8.25,5756
1,1,1,43.2212753,-0.0515059,431.22,-2.10,0.0,-0.0,97113.8,571,-1988,-97,24.53,21,34.54,8.25,5757
1,1,1,43.2212753,-0.0515060,431.22,-2.09,0.1,-0.0,97113.8,572,-1991,-101,24.52,21,34.54,8.25,5758
1,1,1,43.2212753,-0.0515059,431.22,-2.09,0.0,-0.0,97113.7,570,-1994,-100,24.53,21,34.54,8.25,5759
1,1,1,43.2212753,-0.0515060,431.22,-2.07,0.0,-0.0,97113.7,570,-1990,-103,24.52,21,34.54,8.25,5760
1,1,1,43.2212753,-0.0515060,431.22,-2.07,0.0,-0.0,97113.6,568,-1989,-95,24.53,21,34.54,8.24,5761
1,1,1,43.2212753,-0.0515059,431.23,-2.07,0.0,-0.0,97113.8,568,-1993,-95,24.53,21,34.54,8.25,5762
1,1,1,43.2212753,-0.0515059,431.23,-2.08,0.0,-0.0,97113.8,568,-1991,-104,24.52,21,34.89,8.24,5763
1,1,1,43.2212753,-0.0515060,431.23,-2.08,0.0,-0.0,97113.5,570,-1994,-99,24.52,21,34.54,8.25,5764
1,1,1,43.2212753,-0.0515060,431.24,-2.06,0.0,-0.0,97113.5,570,-1990,-99,24.53,21,34.54,8.24,5765
1,1,1,43.2212753,-0.0515060,431.23,-2.06,0.1,0.0,97113.5,572,-1991,-101,24.53,21,34.54,8.24,5766
1,1,1,43.2212753,-0.0515059,431.24,-2.06,0.0,-0.0,97113.5,571,-1988,-98,24.53,21,34.10,8.24,5767
1,1,1,43.2212753,-0.0515059,431.24,-2.06,0.0,0.0,97113.5,570,-1992,-95,24.52,21,34.54,8.25,5768
1,1,1,43.2212753,-0.0515059,431.24,-2.06,0.1,-0.0,97113.5,569,-1993,-100,24.52,20,34.32,8.24,5769
1,1,1,43.2212753,-0.0515059,431.25,-2.06,0.0,-0.0,97113.5,569,-1991,-98,24.52,20,34.54,8.25,5770
1,1,1,43.2212753,-0.0515059,431.25,-2.06,0.0,-0.0,97113.5,567,-1990,-94,24.52,21,33.98,8.24,5771
1,1,1,43.2212753,-0.0515059,431.25,-2.06,0.0,-0.0,97113.5,569,-1989,-103,24.52,21,34.54,8.25,5772
1,1,1,43.2212753,-0.0515059,431.25,-2.06,0.0,-0.0,97113.5,567,-1993,-102,24.52,21,34.20,8.25,5773
1,1,1,43.2212753,-0.0515059,431.26,-2.06,0.0,-0.0,97113.4,572,-1993,-91,24.52,21,34.32,8.24,5774
1,1,1,43.2212753,-0.0515059,431.26,-2.05,0.0,-0.0,97113.4,570,-1996,-96,24.52,21,34.54,8.24,5775
1,1,1,43.2212753,-0.0515059,431.26,-2.05,0.0,0.0,97113.4,573,-1992,-99,24.52,21,34.54,8.25,5776
