27.4,6.2,-97,89.13,4304
27.4,6.2,-97,112.20,4305
27.6,6.2,-97,112.20,4306
27.6,6.2,-97,112.20,4307
27.6,6.2,-97,112.20,4308
27.8,6.2,-97,112.20,4309
27.6,6.2,-97,112.20,4310
27.6,6.2,-102,199.53,4311
27.6,6.2,-102,199.53,4312
27.2,6.2,-95,199.53,4313
27.6,6.2,-95,89.13,4314
27.4,6.2,-98,125.89,4315
27.4,6.2,-98,125.89,4316
27.4,6.2,-97,112.20,4317
27.6,6.2,-97,112.20,4318
27.8,6.2,-96,112.20,4319
27.4,6.2,-96,100.00,4320
27.4,6.2,-93,70.79,4321
27.4,6.2,-93,70.79,4322
27.6,6.2,-93,70.79,4323
27.4,6.2,-93,70.79,4324
27.6,6.2,-93,70.79,4325
28.3,6.2,-94,79.43,4326
27.8,6.2,-94,79.43,4327
27.0,6.2,-93,79.43,4328
27.6,6.2,-93,70.79,4329
27.4,6.2,-94,79.43,4330
27.6,6.2,-94,79.43,4331
28.0,6.2,-94,79.43,4332
28.0,6.2,-95,89.13,4333
27.6,6.2,-95,89.13,4334
27.2,6.2,-95,89.13,4335
27.0,6.2,-95,89.13,4336
27.4,6.2,-95,89.13,4337
27.4,6.2,-94,79.43,4338
27.8,6.2,-94,79.43,4339
27.4,6.2,-94,79.43,4340
28.0,6.2,-94,79.43,4341
27.6,6.2,-92,63.10,4342
27.6,6.2,-92,63.10,4343
27.6,6.2,-90,50.12,4344
28.0,6.2,-90,50.12,4345
27.6,6.2,-92,50.12,4346
27.6,6.2,-92,63.10,4347
27.7,6.2,-98,125.89,4348
27.6,6.2,-98,125.89,4349
27.4,6.2,-98,125.89,4350
28.0,6.2,-98,125.89,4351
27.6,6.2,-98,125.89,4352
27.4,6.2,-98,125.89,4353
28.0,6.2,-98,125.89,4354
28.0,6.2,-94,251.19,4355
27.6,6.2,-96,100.00,4356
27.4,6.2,-94,79.43,4357
27.7,6.2,-94,79.43,4358
27.6,6.2,-102,199.53,4359
27.7,6.2,-102,199.53,4360
27.4,6.2,-94,79.43,4361
27.4,6.2,-94,79.43,4362
27.6,6.2,-92,63.10,4363
28.0,6.2,-92,63.10,4364
27.5,6.2,-92,63.10,4365
27.4,6.2,-92,63.10,4366
27.6,6.2,-98,141.25,4367
27.7,6.2,-98,125.89,4368
27.4,6.2,-99,141.25,4369
28.0,6.2,-99,141.25,4370
27.7,6.2,-98,125.89,4371
28.0,6.2,-98,125.89,4372
27.7,6.2,-96,100.00,4373
27.6,6.2,-96,100.00,4374
27.7,6.2,-98,125.89,4375
28.0,6.2,-98,125.89,4376
28.2,6.2,-96,100.00,4377
27.7,6.2,-96,100.00,4378
27.7,6.2,-93,70.79,4379
28.0,6.2,-93,70.79,4380
27.6,6.2,-95,89.13,4381
28.1,6.2,-95,89.13,4382
28.0,6.2,-98,125.89,4383
28.0,6.2,-98,125.89,4384
28.0,6.2,-100,158.49,4385
27.6,6.2,-100,158.49,4386
28.0,6.2,-101,177.83,4387
28.1,6.2,-101,177.83,4388
27.7,6.2,-101,177.83,4389
27.7,6.2,-101,177.83,4390
28.0,6.2,-92,63.10,4392
28.4,6.2,-92,63.10,4393
27.6,6.2,-92,63.10,4393
28.0,6.2,-97,63.10,4394
28.3,6.2,-97,112.20,4395
28.0,6.2,-98,112.20,4396
27.7,6.2,-98,125.89,4397
28.0,6.2,-98,125.89,4398
29.0,6.2,-98,125.89,4399
28.3,6.2,-97,112.20,4400
27.7,6.2,-97,112.20,4401
28.2,6.2,-99,141.25,4402
28.0,6.2,-99,141.25,4403
28.3,6.2,-94,141.25,4404
27.7,6.2,-94,79.43,4405
28.3,6.2,-94,79.43,4406
28.1,6.2,-94,79.43,4407
27.7,6.2,-91,100.00,4408
28.0,6.2,-91,56.23,4409
28.1,6.2,-92,56.23,4410
28.7,6.2,-92,63.10,4411
28.7,6.2,-92,63.10,4412
28.3,6.2,-92,63.10,4413
28.3,6.2,-95,89.13,4414
28.3,6.2,-95,89.13,4415
28.3,6.2,-97,89.13,4416
28.1,6.2,-97,112.20,4417
28.0,6.2,-97,112.20,4418
28.7,6.2,-97,112.20,4419
28.2,6.2,-98,125.89,4420
28.1,6.2,-98,125.89,4421
28.4,6.2,-96,125.89,4422
28.3,6.2,-96,100.00,4423
28.4,6.2,-93,70.79,4424
28.3,6.2,-93,70.79,4425
28.7,6.2,-91,56.23,4426
28.3,6.2,-91,56.23,4427
28.3,6.2,-91,56.23,4428
28.1,6.2,-91,56.23,4429
27.9,6.2,-94,79.43,4430
28.1,6.2,-94,79.43,4431
29.0,6.2,-94,79.43,4432
28.1,6.2,-102,199.53,4433
28.4,6.2,-102,199.53,4434
28.4,6.2,-91,56.23,4435
28.8,6.2,-91,56.23,4436
28.7,6.2,-100,158.49,4437
29.0,6.2,-100,158.49,4438
28.7,6.2,-90,50.12,4439
28.7,6.2,-90,50.12,4440
28.7,6.2,-94,79.43,4441
28.3,6.2,-94,79.43,4442
28.4,6.2,-90,50.12,4443
28.4,6.2,-90,50.12,4444
28.4,6.2,-100,158.49,4445
28.1,6.2,-100,158.49,4446
29.0,6.2,-92,63.10,4447
28.3,6.2,-92,63.10,4448
28.1,6.2,-94,79.43,4449
28.4,6.2,-94,79.43,4450
28.3,6.2,-94,79.43,4452
28.2,6.2,-94,79.43,4453
28.4,6.2,-94,79.43,4453
28.7,6.2,-93,79.43,4454
28.1,6.2,-93,70.79,4455
28.4,6.2,-97,70.79,4456
28.4,6.2,-97,112.20,4457
28.2,6.2,-92,63.10,4458
28.4,6.2,-92,63.10,4459
28.7,6.2,-92,63.10,4460
28.2,6.2,-91,56.23,4461
28.7,6.2,-91,56.23,4462
28.5,6.2,-96,100.00,4463
28.7,6.2,-96,100.00,4464
28.4,6.2,-90,100.00,4465
28.4,6.2,-90,50.12,4466
28.8,6.2,-97,112.20,4467
28.8,6.2,-97,112.20,4468
29.0,6.2,-92,63.10,4469
28.8,6.2,-92,63.10,4470
28.7,6.2,-100,63.10,4471
28.8,6.2,-100,158.49,4472
28.7,6.2,-93,70.79,4473
28.4,6.2,-93,70.79,4474
28.7,6.2,-105,281.84,4475
29.0,6.2,-105,281.84,4476
28.7,6.2,-94,281.84,4477
29.1,6.2,-94,79.43,4478
28.2,6.2,-103,223.87,4479
28.8,6.2,-103,223.87,4480
28.7,6.2,-103,223.87,4481
29.1,6.2,-100,158.49,4482
28.2,6.2,-100,158.49,4483
29.1,6.2,-100,158.49,4484
28.8,6.2,-100,158.49,4485
28.8,6.2,-100,158.49,4486
28.0,6.2,-100,158.49,4487
29.0,6.2,-100,158.49,4488
29.0,6.2,-101,158.49,4489
29.0,6.2,-101,177.83,4490
29.0,6.2,-101,177.83,4491
29.1,6.2,-101,177.83,4492
28.7,6.2,-101,177.83,4493
28.7,6.2,-101,177.83,4494
28.4,6.2,-101,177.83,4495
28.7,6.2,-101,177.83,4496
28.7,6.2,-101,177.83,4497
29.3,6.2,-101,177.83,4498
29.1,6.2,-101,177.83,4499
28.8,6.2,-101,177.83,4500
29.0,6.2,-101,177.83,4501
28.8,6.2,-101,177.83,4502
29.1,6.2,-101,177.83,4503
29.1,6.2,-101,177.83,4504
29.0,6.2,-101,177.83,4505
29.3,6.2,-101,177.83,4506
29.0,6.2,-101,177.83,4507
29.3,6.2,-101,177.83,4508
28.9,6.2,-101,177.83,4509
28.8,6.2,-101,177.83,4510
28.8,6.2,-101,177.83,4511
28.9,6.2,-101,177.83,4512
29.7,6.2,-101,177.83,4513
29.3,6.2,-101,177.83,4514
29.3,6.2,-101,177.83,4515
28.6,6.2,-101,177.83,4516
29.3,6.2,-101,177.83,4517
28.7,6.2,-101,177.83,4518
29.3,6.2,-101,177.83,4519
29.3,6.2,-101,177.83,4520
29.0,6.2,-101,177.83,4521
29.1,6.2,-101,177.83,4522
28.8,6.2,-101,177.83,4523
28.8,6.2,-101,177.83,4524
29.0,6.2,-101,177.83,4525
29.0,6.2,-101,177.83,4526
29.0,6.2,-101,177.83,4527
29.3,6.2,-101,177.83,4528
29.0,6.2,-101,177.83,4529
29.5,6.2,-101,177.83,4530
29.1,6.2,-101,177.83,4531
29.1,6.2,-101,177.83,4532
29.0,6.2,-101,177.83,4533
29.3,6.2,-101,177.83,4534
29.0,6.2,-101,177.83,4535
28.8,6.2,-101,177.83,4536
29.1,6.2,-101,177.83,4537
28.6,6.2,-101,177.83,4538
29.3,6.2,-101,177.83,4539
29.0,6.2,-101,177.83,4540
29.1,6.2,-101,177.83,4541
29.1,6.2,-101,177.83,4542
29.3,6.2,-101,177.83,4543
28.7,6.2,-101,177.83,4544
29.1,6.2,-101,177.83,4545
29.1,6.2,-101,177.83,4546
28.9,6.2,-101,177.83,4547
29.3,6.2,-101,177.83,4548
29.3,6.2,-101,177.83,4549
29.1,6.2,-101,177.83,4550
29.3,6.2,-101,177.83,4551
29.7,6.2,-101,177.83,4552
29.3,6.2,-101,177.83,4553
29.1,6.2,-101,177.83,4554
29.7,6.2,-101,177.83,4555
29.7,6.2,-101,177.83,4556
28.8,6.2,-101,177.83,4557
29.1,6.2,-101,177.83,4558
29.7,6.2,-101,177.83,4559
29.3,6.2,-101,177.83,4560
29.1,6.2,-101,177.83,4561
29.3,6.2,-101,177.83,4562
29.0,6.2,-101,177.83,4563
29.3,6.2,-101,177.83,4564
29.5,6.2,-101,177.83,4565
29.1,6.2,-101,177.83,4566
29.0,6.2,-101,177.83,4567
29.1,6.2,-101,177.83,4568
29.1,6.2,-101,177.83,4569
29.3,6.2,-101,177.83,4570
29.0,6.2,-101,177.83,4571
29.3,6.2,-101,177.83,4572
29.0,6.2,-101,177.83,4573
29.3,6.2,-101,177.83,4574
29.1,6.2,-101,177.83,4575
28.7,6.2,-101,177.83,4576
28.9,6.2,-101,177.83,4577
29.3,6.2,-101,177.83,4578
28.8,6.2,-101,177.83,4579
29.1,6.2,-101,177.83,4580
29.3,6.2,-101,177.83,4581
29.3,6.2,-101,177.83,4582
29.1,6.2,-101,177.83,4583
29.1,6.2,-101,177.83,4584
29.3,6.2,-101,177.83,4585
29.0,6.2,-101,177.83,4586
29.3,6.2,-101,177.83,4587
29.7,6.2,-101,177.83,4588
29.1,6.2,-101,177.83,4589
29.3,6.2,-101,177.83,4590
29.5,6.2,-101,177.83,4591
29.3,6.2,-101,177.83,4592
29.6,6.2,-101,177.83,4593
29.3,6.2,-101,177.83,4594
29.3,6.2,-101,177.83,4595
28.8,6.2,-101,177.83,4596
29.7,6.2,-101,177.83,4597
29.1,6.2,-101,177.83,4598
29.5,6.2,-101,177.83,4599
29.1,6.2,-101,177.83,4600
28.8,6.2,-101,177.83,4601
28.7,6.2,-101,177.83,4602
29.7,6.2,-101,177.83,4603
29.7,6.2,-101,177.83,4604
30.0,6.2,-101,177.83,4605
29.8,6.2,-101,177.83,4606
28.8,6.2,-101,177.83,4607
29.5,6.2,-101,177.83,4608
29.3,6.2,-101,177.83,4609
29.3,6.2,-101,177.83,4610
30.0,6.2,-101,177.83,4611
29.3,6.2,-101,177.83,4612
29.1,6.2,-101,177.83,4613
29.7,6.2,-101,177.83,4614
29.3,6.2,-101,177.83,4615
29.1,6.2,-101,177.83,4616
28.8,6.2,-101,177.83,4617
29.3,6.2,-101,177.83,4618
29.3,6.2,-101,177.83,4619
29.8,6.2,-101,177.83,4620
29.7,6.2,-101,177.83,4621
28.9,6.2,-101,177.83,4622
30.0,6.2,-101,177.83,4623
29.7,6.2,-101,177.83,4624
30.0,6.2,-101,177.83,4625
29.5,6.2,-101,177.83,4626
29.4,6.2,-101,177.83,4627
29.5,6.2,-101,177.83,4628
30.0,6.2,-101,177.83,4629
29.7,6.2,-101,177.83,4630
29.7,6.2,-101,177.83,4631
30.0,6.2,-101,177.83,4632
28.9,6.2,-101,177.83,4633
29.7,6.2,-101,177.83,4634
29.5,6.2,-101,177.83,4635
29.3,6.2,-101,177.83,4636
29.5,6.2,-101,177.83,4637
29.7,6.2,-101,177.83,4638
29.5,6.2,-101,177.83,4639
29.5,6.2,-101,177.83,4640
29.7,6.2,-101,177.83,4641
29.5,6.2,-101,177.83,4642
30.0,6.2,-101,177.83,4643
29.7,6.2,-101,177.83,4644
30.4,6.2,-101,177.83,4645
29.8,6.2,-101,177.83,4646
29.5,6.2,-101,177.83,4647
29.7,6.2,-101,177.83,4648
29.8,6.2,-101,177.83,4649
29.8,6.2,-101,177.83,4650
30.0,6.2,-101,177.83,4651
30.0,6.2,-101,177.83,4652
29.8,6.2,-101,177.83,4653
30.4,6.2,-101,177.83,4654
30.0,6.2,-101,177.83,4655
29.5,6.2,-101,177.83,4656
30.0,6.2,-101,177.83,4657
29.8,6.2,-101,177.83,4658
30.0,6.2,-101,177.83,4659
30.0,6.2,-101,177.83,4660
29.7,6.2,-101,177.83,4661
30.2,6.2,-101,177.83,4662
30.0,6.2,-101,177.83,4663
29.5,6.2,-101,177.83,4664
29.8,6.2,-101,177.83,4665
30.0,6.2,-101,177.83,4666
30.4,6.2,-101,177.83,4667
30.0,6.2,-101,177.83,4668
30.2,6.2,-101,177.83,4669
30.0,6.2,-101,177.83,4670
30.0,6.2,-101,177.83,4671
30.2,6.2,-101,177.83,4672
30.7,6.2,-101,177.83,4673
29.8,6.2,-101,177.83,4674
29.8,6.2,-101,177.83,4675
29.6,6.2,-101,177.83,4676
30.4,6.2,-101,177.83,4677
30.7,6.2,-101,177.83,4678
29.8,6.2,-101,177.83,4679
29.8,6.2,-101,177.83,4680
30.2,6.2,-101,177.83,4681
30.2,6.2,-101,177.83,4682
29.4,6.2,-101,177.83,4683
29.6,6.2,-101,177.83,4684
29.8,6.2,-101,177.83,4685
30.0,6.2,-101,177.83,4686
29.4,6.2,-101,177.83,4687
29.8,6.2,-101,177.83,4688
29.5,6.2,-101,177.83,4689
29.7,6.2,-101,177.83,4690
29.8,6.2,-101,177.83,4691
29.8,6.2,-101,177.83,4692
30.0,6.2,-101,177.83,4693
29.8,6.2,-101,177.83,4694
29.8,6.2,-101,177.83,4695
29.8,6.2,-101,177.83,4696
30.0,6.2,-101,177.83,4697
30.0,6.2,-101,177.83,4698
30.0,6.2,-101,177.83,4699
29.8,6.2,-101,177.83,4700
30.0,6.2,-101,177.83,4701
29.5,6.2,-101,177.83,4702
29.7,6.2,-101,177.83,4703
29.7,6.2,-101,177.83,4704
29.7,6.2,-101,177.83,4705
29.5,6.2,-101,177.83,4706
29.7,6.2,-101,177.83,4707
29.8,6.2,-101,177.83,4708
29.5,6.2,-101,177.83,4709
29.7,6.2,-101,177.83,4710
29.5,6.2,-101,177.83,4711
29.3,6.2,-101,177.83,4712
29.5,6.2,-101,177.83,4713
29.7,6.2,-101,177.83,4714
29.7,6.2,-101,177.83,4715
29.7,6.2,-101,177.83,4716
29.7,6.2,-101,177.83,4717
29.3,6.2,-101,177.83,4718
29.3,6.2,-101,177.83,4719
29.1,6.2,-101,177.83,4720
29.5,6.2,-101,177.83,4721
29.5,6.2,-101,177.83,4722
28.9,6.2,-101,177.83,4723
29.3,6.2,-101,177.83,4724
29.3,6.2,-101,177.83,4725
29.7,6.2,-101,177.83,4726
29.3,6.2,-101,177.83,4727
29.0,6.2,-101,177.83,4728
29.0,6.2,-101,177.83,4729
29.3,6.2,-101,177.83,4730
29.0,6.2,-101,177.83,4731
29.0,6.2,-101,177.83,4732
29.1,6.2,-101,177.83,4733
28.4,6.2,-101,177.83,4734
28.7,6.2,-101,177.83,4735
28.9,6.2,-101,177.83,4736
28.4,6.2,-101,177.83,4737
28.6,6.2,-101,177.83,4738
28.7,6.2,-101,177.83,4739
29.0,6.2,-101,177.83,4740
28.4,6.2,-101,177.83,4741
28.7,6.2,-101,177.83,4742
28.2,6.2,-101,177.83,4743
28.7,6.2,-101,177.83,4744
28.7,6.2,-101,177.83,4745
28.8,6.2,-101,177.83,4746
28.3,6.2,-101,177.83,4747
28.4,6.2,-101,177.83,4748
28.7,6.2,-101,177.83,4749
28.3,6.2,-101,177.83,4750
29.0,6.2,-101,177.83,4751
28.7,6.2,-101,177.83,4752
28.3,6.2,-101,177.83,4753
28.3,6.2,-101,177.83,4754
28.3,6.2,-101,177.83,4755
28.3,6.2,-101,177.83,4756
28.7,6.2,-101,177.83,4757
28.4,6.2,-101,177.83,4758
28.8,6.2,-101,177.83,4759
28.7,6.2,-101,177.83,4760
28.7,6.2,-101,177.83,4761
28.4,6.2,-101,177.83,4762
28.2,6.2,-101,177.83,4763
29.0,6.2,-101,177.83,4764
28.1,6.2,-101,177.83,4765
28.7,6.2,-101,177.83,4766
28.4,6.2,-101,177.83,4767
28.8,6.2,-101,177.83,4768
28.7,6.2,-101,177.83,4769
28.1,6.2,-101,177.83,4770
28.7,6.2,-101,177.83,4771
28.3,6.2,-101,177.83,4772
28.3,6.2,-101,177.83,4773
28.3,6.2,-101,177.83,4774
28.2,6.2,-101,177.83,4775
28.1,6.2,-101,177.83,4776
28.7,6.2,-101,177.83,4777
28.7,6.2,-101,177.83,4778
28.3,6.2,-101,177.83,4779
28.3,6.2,-101,177.83,4780
28.4,6.2,-101,177.83,4781
28.4,6.2,-101,177.83,4782
28.1,6.2,-101,177.83,4783
28.3,6.2,-101,177.83,4784
28.3,6.2,-101,177.83,4785
28.3,6.2,-101,177.83,4786
28.1,6.2,-101,177.83,4787
28.3,6.2,-101,177.83,4788
28.1,6.2,-101,177.83,4789
28.3,6.2,-101,177.83,4790
28.3,6.2,-101,177.83,4791
28.1,6.2,-101,177.83,4792
28.3,6.2,-101,177.83,4793
28.4,6.2,-101,177.83,4794
28.3,6.2,-101,177.83,4795
27.7,6.2,-101,177.83,4796
28.2,6.2,-101,177.83,4797
28.1,6.2,-101,177.83,4798
28.0,6.2,-101,177.83,4799
28.0,6.2,-101,177.83,4800
28.0,6.2,-101,177.83,4801
28.2,6.2,-101,177.83,4802
28.3,6.2,-101,177.83,4803
27.6,6.2,-101,177.83,4804
28.0,6.2,-101,177.83,4805
27.7,6.2,-101,177.83,4806
28.0,6.2,-101,177.83,4807
27.7,6.2,-101,177.83,4808
28.0,6.2,-101,177.83,4809
27.2,6.2,-101,177.83,4810
27.7,6.2,-101,177.83,4811
27.7,6.2,-101,177.83,4812
27.6,6.2,-101,177.83,4813
27.4,6.2,-101,177.83,4814
27.6,6.2,-101,177.83,4815
28.0,6.2,-101,177.83,4816
27.6,6.2,-101,177.83,4817
27.6,6.2,-101,177.83,4818
27.8,6.2,-101,177.83,4819
27.6,6.2,-101,177.83,4820
27.6,6.2,-101,177.83,4821
27.2,6.2,-101,177.83,4822
27.6,6.2,-101,177.83,4823
27.6,6.2,-101,177.83,4824
27.6,6.2,-101,177.83,4825
27.6,6.2,-101,177.83,4826
27.6,6.2,-101,177.83,4827
27.6,6.2,-101,177.83,4828
27.3,6.2,-101,177.83,4829
27.4,6.2,-101,177.83,4830
27.3,6.2,-101,177.83,4831
27.8,6.2,-101,177.83,4832
27.6,6.2,-101,177.83,4833
27.3,6.2,-101,177.83,4834
27.3,6.2,-101,177.83,4835
27.4,6.2,-101,177.83,4836
27.3,6.2,-101,177.83,4837
27.3,6.2,-101,177.83,4838
27.1,6.2,-101,177.83,4839
26.7,6.2,-101,177.83,4840
27.3,6.2,-101,177.83,4841
27.1,6.2,-101,177.83,4842
27.3,6.2,-101,177.83,4843
26.5,6.2,-101,177.83,4844
27.5,6.2,-101,177.83,4845
27.1,6.2,-101,177.83,4846
26.5,6.2,-101,177.83,4847
27.3,6.2,-101,177.83,4848
27.3,6.2,-101,177.83,4849
26.7,6.2,-101,177.83,4850
27.6,6.2,-101,177.83,4851
27.5,6.2,-101,177.83,4852
27.3,6.2,-101,177.83,4853
27.6,6.2,-101,177.83,4854
27.1,6.2,-101,177.83,4855
26.7,6.2,-101,177.83,4856
27.1,6.2,-101,177.83,4857
27.3,6.2,-101,177.83,4858
27.6,6.2,-101,177.83,4859
27.3,6.2,-101,177.83,4860
27.3,6.2,-101,177.83,4861
27.3,6.2,-101,177.83,4862
27.1,6.2,-101,177.83,4863
26.8,6.2,-101,177.83,4864
27.1,6.2,-101,177.83,4865
27.3,6.2,-101,177.83,4866
27.3,6.2,-101,177.83,4867
27.3,6.2,-101,177.83,4868
27.3,6.2,-101,177.83,4869
27.3,6.2,-101,177.83,4870
26.9,6.2,-101,177.83,4871
27.3,6.2,-101,177.83,4872
27.3,6.2,-101,177.83,4873
27.1,6.2,-101,177.83,4874
27.3,6.2,-101,177.83,4875
27.6,6.2,-101,177.83,4876
27.6,6.2,-101,177.83,4877
27.5,6.2,-101,177.83,4878
27.4,6.2,-101,177.83,4879
27.3,6.2,-101,177.83,4880
26.5,6.2,-101,177.83,4881
27.3,6.2,-101,177.83,4882
27.3,6.2,-101,177.83,4883
27.3,6.2,-101,177.83,4884
27.5,6.2,-101,177.83,4885
26.8,6.2,-101,177.83,4886
27.3,6.2,-101,177.83,4887
26.9,6.2,-101,177.83,4888
27.6,6.2,-101,177.83,4889
27.3,6.2,-101,177.83,4890
27.3,6.2,-101,177.83,4891
27.3,6.2,-101,177.83,4892
27.3,6.2,-101,177.83,4893
27.6,6.2,-101,177.83,4894
27.3,6.2,-101,177.83,4895
27.3,6.2,-101,177.83,4896
27.3,6.2,-101,177.83,4897
27.5,6.2,-101,177.83,4898
27.5,6.2,-101,177.83,4899
27.6,6.2,-101,177.83,4900
27.3,6.2,-101,177.83,4901
27.3,6.2,-101,177.83,4902
27.3,6.2,-101,177.83,4903
27.4,6.2,-101,177.83,4904
27.3,6.2,-101,177.83,4905
27.6,6.2,-101,177.83,4906
27.2,6.2,-101,177.83,4907
27.4,6.2,-101,177.83,4908
27.4,6.2,-101,177.83,4909
27.3,6.2,-101,177.83,4910
26.9,6.2,-101,177.83,4911
27.3,6.2,-101,177.83,4912
27.1,6.2,-101,177.83,4913
27.3,6.2,-101,177.83,4914
27.4,6.2,-101,177.83,4915
27.3,6.2,-101,177.83,4916
27.4,6.2,-101,177.83,4917
27.4,6.2,-101,177.83,4918
27.1,6.2,-101,177.83,4919
27.3,6.2,-101,177.83,4920
27.4,6.2,-101,177.83,4921
27.6,6.2,-101,177.83,4922
27.3,6.2,-101,177.83,4923
27.6,6.2,-101,177.83,4924
27.3,6.2,-101,177.83,4925
27.3,6.2,-101,177.83,4926
27.1,6.2,-101,177.83,4927
26.9,6.2,-101,177.83,4928
27.3,6.2,-101,177.83,4929
27.4,6.2,-101,177.83,4930
27.5,6.2,-101,177.83,4931
26.8,6.2,-101,177.83,4932
27.6,6.2,-101,177.83,4933
27.6,6.2,-101,177.83,4934
27.4,6.2,-101,177.83,4935
27.3,6.2,-101,177.83,4936
27.4,6.2,-101,177.83,4937
27.3,6.2,-101,177.83,4938
27.4,6.2,-101,177.83,4939
27.6,6.2,-101,177.83,4940
27.1,6.2,-101,177.83,4941
27.1,6.2,-101,177.83,4942
27.3,6.2,-101,177.83,4943
27.6,6.2,-101,177.83,4944
27.6,6.2,-101,177.83,4945
27.6,6.2,-101,177.83,4946
27.3,6.2,-101,177.83,4947
27.6,6.2,-101,177.83,4948
27.6,6.2,-101,177.83,4949
27.3,6.2,-101,177.83,4950
27.6,6.2,-101,177.83,4951
27.6,6.2,-101,177.83,4952
27.4,6.2,-101,177.83,4953
27.3,6.2,-101,177.83,4954
27.6,6.2,-101,177.83,4955
27.4,6.2,-101,177.83,4956
27.3,6.2,-101,177.83,4957
27.6,6.2,-101,177.83,4958
27.4,6.2,-101,177.83,4959
27.4,6.2,-101,177.83,4960
27.2,6.2,-101,177.83,4961
27.4,6.2,-101,177.83,4962
27.2,6.2,-101,177.83,4963
27.6,6.2,-101,177.83,4964
27.6,6.2,-101,177.83,4965
27.8,6.2,-101,177.83,4966
27.6,6.2,-101,177.83,4967
27.4,6.2,-101,177.83,4968
27.4,6.2,-101,177.83,4969
27.6,6.2,-101,177.83,4970
27.8,6.2,-101,177.83,4971
27.8,6.2,-101,177.83,4972
27.6,6.2,-101,177.83,4973
27.6,6.2,-101,177.83,4974
27.6,6.2,-101,177.83,4975
27.6,6.2,-101,177.83,4976
27.6,6.2,-101,177.83,4977
27.6,6.2,-101,177.83,4978
27.4,6.2,-101,177.83,4979
27.6,6.2,-101,177.83,4980
27.6,6.2,-101,177.83,4981
27.6,6.2,-101,177.83,4982
27.6,6.2,-101,177.83,4983
27.6,6.2,-101,177.83,4984
27.6,6.2,-101,177.83,4985
27.5,6.2,-101,177.83,4986
27.1,6.2,-101,177.83,4987
27.3,6.2,-101,177.83,4988
27.6,6.2,-101,177.83,4989
27.3,6.2,-101,177.83,4990
27.4,6.2,-101,177.83,4991
27.3,6.2,-101,177.83,4992
27.6,6.2,-101,177.83,4993
27.6,6.2,-101,177.83,4994
27.3,6.2,-101,177.83,4995
27.6,6.2,-101,177.83,4996
27.6,6.2,-101,177.83,4997
27.6,6.2,-101,177.83,4998
27.6,6.2,-101,177.83,4999
27.3,6.2,-101,177.83,5000
27.6,6.2,-101,177.83,5001
27.3,6.2,-101,177.83,5002
27.4,6.2,-101,177.83,5003
26.8,6.2,-101,177.83,5004
27.4,6.2,-101,177.83,5005
27.6,6.2,-101,177.83,5006
27.0,6.2,-101,177.83,5007
27.3,6.2,-101,177.83,5008
27.6,6.2,-101,177.83,5009
27.6,6.2,-101,177.83,5010
27.6,6.2,-101,177.83,5011
27.4,6.2,-101,177.83,5012
27.6,6.2,-101,177.83,5013
27.4,6.2,-101,177.83,5014
27.6,6.2,-101,177.83,5015
27.6,6.2,-101,177.83,5016
27.2,6.2,-101,177.83,5017
27.6,6.2,-101,177.83,5018
27.6,6.2,-101,177.83,5019
27.3,6.2,-101,177.83,5020
27.3,6.2,-101,177.83,5021
27.6,6.2,-101,177.83,5022
27.6,6.2,-101,177.83,5023
27.4,6.2,-101,177.83,5024
27.3,6.2,-101,177.83,5025
27.6,6.2,-101,177.83,5026
27.4,6.2,-101,177.83,5027
27.6,6.2,-101,177.83,5028
27.1,6.2,-101,177.83,5029
27.6,6.2,-101,177.83,5030
27.4,6.2,-101,177.83,5031
27.4,6.2,-101,177.83,5032
27.2,6.2,-101,177.83,5033
28.0,6.2,-101,177.83,5034
27.6,6.2,-101,177.83,5035
27.4,6.2,-101,177.83,5036
27.6,6.2,-101,177.83,5037
27.2,6.2,-101,177.83,5038
27.2,6.2,-101,177.83,5039
27.4,6.2,-101,177.83,5040
27.6,6.2,-101,177.83,5041
27.6,6.2,-101,177.83,5042
27.6,6.2,-101,177.83,5043
27.4,6.2,-101,177.83,5044
27.6,6.2,-101,177.83,5045
27.6,6.2,-101,177.83,5046
27.6,6.2,-101,177.83,5047
27.4,6.2,-101,177.83,5048
27.6,6.2,-101,177.83,5049
27.7,6.2,-101,177.83,5050
27.4,6.2,-101,177.83,5051
27.2,6.2,-101,177.83,5052
27.4,6.2,-101,177.83,5053
27.6,6.2,-101,177.83,5054
27.6,6.2,-101,177.83,5055
27.6,6.2,-101,177.83,5056
27.1,6.2,-101,177.83,5057
27.6,6.2,-101,177.83,5058
27.6,6.2,-101,177.83,5059
28.0,6.2,-101,177.83,5060
27.6,6.2,-101,177.83,5061
27.6,6.2,-101,177.83,5062
27.6,6.2,-101,177.83,5063
27.2,6.2,-101,177.83,5064
27.6,6.2,-101,177.83,5065
27.6,6.2,-101,177.83,5066
27.4,6.2,-101,177.83,5067
27.6,6.2,-101,177.83,5068
27.6,6.2,-101,177.83,5069
27.4,6.2,-101,177.83,5070
26.8,6.2,-101,177.83,5071
28.3,6.2,-101,177.83,5072
27.6,6.2,-101,177.83,5073
27.6,6.2,-101,177.83,5074
27.6,6.2,-101,177.83,5075
27.0,6.2,-101,177.83,5076
27.4,6.2,-101,177.83,5077
27.4,6.2,-101,177.83,5078
27.4,6.2,-101,177.83,5079
27.8,6.2,-101,177.83,5080
27.6,6.2,-101,177.83,5081
27.6,6.2,-101,177.83,5082
27.6,6.2,-101,177.83,5083
27.1,6.2,-101,177.83,5084
27.3,6.2,-101,177.83,5085
26.9,6.2,-101,177.83,5086
26.3,6.2,-101,177.83,5087
27.1,6.2,-101,177.83,5088
26.6,6.2,-101,177.83,5089
26.2,6.2,-101,177.83,5090
26.9,6.2,-101,177.83,5091
26.4,6.2,-101,177.83,5092
26.9,6.2,-101,177.83,5093
26.9,6.2,-101,177.83,5094
26.8,6.2,-101,177.83,5095
26.4,6.2,-101,177.83,5096
26.6,6.2,-101,177.83,5097
25.8,6.2,-101,177.83,5098
26.9,6.2,-101,177.83,5099
26.4,6.2,-101,177.83,5100
26.4,6.2,-101,177.83,5101
26.2,6.2,-101,177.83,5102
26.6,6.2,-101,177.83,5103
26.2,6.2,-101,177.83,5104
25.9,6.2,-101,177.83,5105
26.0,6.2,-101,177.83,5106
26.0,6.2,-101,177.83,5107
26.2,6.2,-101,177.83,5108
26.2,6.2,-101,177.83,5109
26.0,6.2,-101,177.83,5110
25.9,6.2,-101,177.83,5111
25.9,6.2,-101,177.83,5112
25.5,6.2,-101,177.83,5113
25.5,6.2,-101,177.83,5114
26.1,6.2,-101,177.83,5115
25.7,6.2,-101,177.83,5116
25.9,6.2,-101,177.83,5117
25.7,6.2,-101,177.83,5118
25.5,6.2,-101,177.83,5119
25.5,6.2,-101,177.83,5120
25.9,6.2,-101,177.83,5121
26.1,6.2,-101,177.83,5122
25.5,6.2,-101,177.83,5123
25.7,6.2,-101,177.83,5124
25.3,6.2,-101,177.83,5125
25.9,6.2,-101,177.83,5126
26.2,6.2,-101,177.83,5127
25.5,6.2,-101,177.83,5128
25.7,6.2,-101,177.83,5129
26.1,6.2,-101,177.83,5130
25.9,6.2,-101,177.83,5131
25.9,6.2,-101,177.83,5132
25.5,6.2,-101,177.83,5133
25.5,6.2,-101,177.83,5134
25.1,6.2,-101,177.83,5135
25.5,6.2,-101,177.83,5136
25.8,6.2,-101,177.83,5137
25.2,6.2,-101,177.83,5138
25.5,6.2,-101,177.83,5139
25.5,6.2,-101,177.83,5140
25.5,6.2,-101,177.83,5141
25.5,6.2,-101,177.83,5142
25.5,6.2,-101,177.83,5143
25.5,6.2,-101,177.83,5144
24.8,6.2,-101,177.83,5145
25.2,6.2,-101,177.83,5146
25.1,6.2,-101,177.83,5147
24.8,6.2,-101,177.83,5148
25.5,6.2,-101,177.83,5149
25.2,6.2,-101,177.83,5150
25.8,6.2,-101,177.83,5151
24.4,6.2,-101,177.83,5152
24.8,6.2,-101,177.83,5153
24.8,6.2,-101,177.83,5154
25.2,6.2,-101,177.83,5155
24.8,6.2,-101,177.83,5156
24.8,6.2,-101,177.83,5157
24.6,6.2,-101,177.83,5158
24.3,6.2,-101,177.83,5159
25.8,6.2,-101,177.83,5160
24.8,6.2,-101,177.83,5161
24.8,6.2,-101,177.83,5162
24.8,6.2,-101,177.83,5163
25.2,6.2,-101,177.83,5164
24.7,6.2,-101,177.83,5165
24.5,6.2,-101,177.83,5166
24.1,6.2,-101,177.83,5167
25.1,6.2,-101,177.83,5168
24.1,6.2,-101,177.83,5169
24.5,6.2,-101,177.83,5170
24.5,6.2,-101,177.83,5171
24.1,6.2,-101,177.83,5172
24.6,6.2,-101,177.83,5173
24.2,6.2,-101,177.83,5174
24.4,6.2,-101,177.83,5175
24.3,6.2,-101,177.83,5176
24.2,6.2,-101,177.83,5177
24.4,6.2,-101,177.83,5178
23.9,6.2,-101,177.83,5179
24.2,6.2,-101,177.83,5180
23.6,6.2,-101,177.83,5181
24.7,6.2,-101,177.83,5182
24.5,6.2,-101,177.83,5183
23.9,6.2,-101,177.83,5184
23.8,6.2,-101,177.83,5185
24.2,6.2,-101,177.83,5186
23.8,6.2,-101,177.83,5187
23.8,6.2,-101,177.83,5188
23.5,6.2,-101,177.83,5189
23.8,6.2,-101,177.83,5190
23.5,6.2,-101,177.83,5191
23.7,6.2,-101,177.83,5192
23.5,6.2,-101,177.83,5193
23.8,6.2,-101,177.83,5194
23.5,6.2,-101,177.83,5195
23.8,6.2,-101,177.83,5196
23.5,6.2,-101,177.83,5197
23.7,6.2,-101,177.83,5198
23.5,6.2,-101,177.83,5199
24.0,6.2,-101,177.83,5200
23.5,6.2,-101,177.83,5201
24.0,6.2,-101,177.83,5202
23.3,6.2,-101,177.83,5203
23.1,6.2,-101,177.83,5204
23.2,6.2,-101,177.83,5205
23.1,6.2,-101,177.83,5206
22.9,6.2,-101,177.83,5207
22.8,6.2,-101,177.83,5208
23.1,6.2,-101,177.83,5209
22.8,6.2,-101,177.83,5210
22.8,6.2,-101,177.83,5211
22.6,6.2,-101,177.83,5212
23.5,6.2,-101,177.83,5213
23.3,6.2,-101,177.83,5214
22.8,6.2,-101,177.83,5215
22.8,6.2,-101,177.83,5216
23.1,6.2,-101,177.83,5217
22.6,6.2,-101,177.83,5218
23.1,6.2,-101,177.83,5219
22.4,6.2,-101,177.83,5220
22.8,6.2,-101,177.83,5221
22.6,6.2,-101,177.83,5222
23.0,6.2,-101,177.83,5223
22.4,6.2,-101,177.83,5224
22.4,6.2,-101,177.83,5225
22.6,6.2,-101,177.83,5226
22.4,6.2,-101,177.83,5227
23.0,6.2,-101,177.83,5228
23.3,6.2,-101,177.83,5229
22.6,6.2,-101,177.83,5230
22.4,6.2,-101,177.83,5231
22.4,6.2,-101,177.83,5232
22.6,6.2,-101,177.83,5233
23.0,6.2,-101,177.83,5234
22.6,6.2,-101,177.83,5235
22.1,6.2,-101,177.83,5236
22.1,6.2,-101,177.83,5237
22.1,6.2,-101,177.83,5238
22.1,6.2,-101,177.83,5239
22.6,6.2,-101,177.83,5240
22.6,6.2,-101,177.83,5241
22.3,6.2,-101,177.83,5242
22.3,6.2,-101,177.83,5243
22.4,6.2,-101,177.83,5244
22.6,6.2,-101,177.83,5245
22.6,6.2,-101,177.83,5246
22.3,6.2,-101,177.83,5247
22.3,6.2,-101,177.83,5248
22.3,6.2,-101,177.83,5249
22.3,6.2,-101,177.83,5250
22.4,6.2,-101,177.83,5251
22.1,6.2,-101,177.83,5252
22.4,6.2,-101,177.83,5253
22.1,6.2,-101,177.83,5254
22.3,6.2,-101,177.83,5255
22.1,6.2,-101,177.83,5256
22.1,6.2,-101,177.83,5257
22.3,6.2,-101,177.83,5258
21.5,6.2,-101,177.83,5259
22.6,6.2,-101,177.83,5260
22.6,6.2,-101,177.83,5261
22.6,6.2,-101,177.83,5262
22.6,6.2,-101,177.83,5263
22.4,6.2,-101,177.83,5264
22.6,6.2,-101,177.83,5265
22.6,6.2,-101,177.83,5266
22.8,6.2,-101,177.83,5267
22.4,6.2,-101,177.83,5268
22.1,6.2,-101,177.83,5269
22.1,6.2,-101,177.83,5270
22.4,6.2,-101,177.83,5271
22.1,6.2,-101,177.83,5272
22.3,6.2,-101,177.83,5273
22.1,6.2,-101,177.83,5274
22.3,6.2,-101,177.83,5275
22.4,6.2,-101,177.83,5276
22.2,6.2,-101,177.83,5277
22.6,6.2,-101,177.83,5278
22.6,6.2,-101,177.83,5279
22.1,6.2,-101,177.83,5280
22.4,6.2,-101,177.83,5281
22.1,6.2,-101,177.83,5282
23.0,6.2,-101,177.83,5283
22.1,6.2,-101,177.83,5284
22.4,6.2,-101,177.83,5285
22.1,6.2,-101,177.83,5286
22.3,6.2,-101,177.83,5287
22.4,6.2,-101,177.83,5288
22.4,6.2,-101,177.83,5289
22.1,6.2,-101,177.83,5290
22.6,6.2,-101,177.83,5291
22.4,6.2,-101,177.83,5292
22.4,6.2,-101,177.83,5293
22.6,6.2,-101,177.83,5294
22.4,6.2,-101,177.83,5295
22.3,6.2,-101,177.83,5296
22.4,6.2,-101,177.83,5297
22.4,6.2,-101,177.83,5298
22.6,6.2,-101,177.83,5299
22.4,6.2,-101,177.83,5300
22.4,6.2,-101,177.83,5301
22.6,6.2,-101,177.83,5302
22.4,6.2,-101,177.83,5303
21.9,6.2,-101,177.83,5304
22.4,6.2,-101,177.83,5305
22.3,6.2,-101,177.83,5306
22.8,6.2,-101,177.83,5307
22.8,6.2,-101,177.83,5308
22.6,6.2,-101,177.83,5309
22.8,6.2,-101,177.83,5310
22.8,6.2,-101,177.83,5311
22.6,6.2,-101,177.83,5312
22.8,6.2,-101,177.83,5313
22.8,6.2,-101,177.83,5314
22.4,6.2,-101,177.83,5315
22.6,6.2,-101,177.83,5316
22.4,6.2,-101,177.83,5317
22.4,6.2,-101,177.83,5318
23.1,6.2,-101,177.83,5319
23.0,6.2,-101,177.83,5320
22.3,6.2,-101,177.83,5321
22.6,6.2,-101,177.83,5322
22.4,6.2,-101,177.83,5323
23.0,6.2,-101,177.83,5324
22.4,6.2,-101,177.83,5325
22.4,6.2,-101,177.83,5326
22.8,6.2,-101,177.83,5327
22.6,6.2,-101,177.83,5328
22.6,6.2,-101,177.83,5329
22.8,6.2,-101,177.83,5330
22.2,6.2,-101,177.83,5331
22.8,6.2,-101,177.83,5332
22.4,6.2,-101,177.83,5333
22.6,6.2,-101,177.83,5334
22.4,6.2,-101,177.83,5335
22.1,6.2,-101,177.83,5336
22.8,6.2,-101,177.83,5337
22.1,6.2,-101,177.83,5338
22.8,6.2,-101,177.83,5339
23.1,6.2,-101,177.83,5340
23.0,6.2,-101,177.83,5341
22.1,6.2,-101,177.83,5342
22.4,6.2,-101,177.83,5343
22.4,6.2,-101,177.83,5344
22.2,6.2,-101,177.83,5345
22.8,6.2,-101,177.83,5346
22.2,6.2,-101,177.83,5347
22.4,6.2,-101,177.83,5348
22.8,6.2,-101,177.83,5349
22.8,6.2,-101,177.83,5350
22.8,6.2,-101,177.83,5351
22.4,6.2,-101,177.83,5352
21.9,6.2,-101,177.83,5353
23.0,6.2,-101,177.83,5354
22.4,6.2,-101,177.83,5355
23.0,6.2,-101,177.83,5356
22.3,6.2,-101,177.83,5357
22.3,6.2,-101,177.83,5358
22.1,6.2,-101,177.83,5359
22.1,6.2,-101,177.83,5360
22.1,6.2,-101,177.83,5361
20.9,6.1,-101,177.83,5362
22.1,6.2,-101,177.83,5363
22.1,6.2,-101,177.83,5364
22.3,6.2,-101,177.83,5365
22.1,6.2,-101,177.83,5366
22.3,6.2,-101,177.83,5367
22.3,6.2,-101,177.83,5368
22.3,6.2,-101,177.83,5369
22.1,6.2,-101,177.83,5370
22.3,6.2,-101,177.83,5371
22.1,6.2,-101,177.83,5372
21.9,6.2,-101,177.83,5373
21.7,6.2,-101,177.83,5374
22.3,6.2,-101,177.83,5375
21.7,6.2,-101,177.83,5376
21.7,6.2,-101,177.83,5377
21.7,6.2,-101,177.83,5378
21.9,6.2,-101,177.83,5379
22.1,6.2,-101,177.83,5380
22.1,6.2,-101,177.83,5381
22.3,6.2,-101,177.83,5382
22.3,6.2,-101,177.83,5383
21.9,6.2,-101,177.83,5384
21.9,6.2,-101,177.83,5385
21.7,6.2,-101,177.83,5386
21.7,6.2,-101,177.83,5387
21.9,6.2,-101,177.83,5388
21.7,6.2,-101,177.83,5389
21.6,6.2,-101,177.83,5390
21.9,6.2,-101,177.83,5391
21.9,6.2,-101,177.83,5392
21.7,6.2,-101,177.83,5393
21.6,6.2,-101,177.83,5394
21.5,6.2,-101,177.83,5395
21.4,6.2,-101,177.83,5396
21.6,6.2,-101,177.83,5397
21.6,6.2,-101,177.83,5398
21.9,6.2,-101,177.83,5399
21.4,6.2,-101,177.83,5400
21.6,6.2,-101,177.83,5401
21.9,6.2,-101,177.83,5402
21.6,6.2,-101,177.83,5403
21.6,6.2,-101,177.83,5404
21.0,6.2,-101,177.83,5405
21.6,6.2,-101,177.83,5406
21.6,6.2,-101,177.83,5407
21.6,6.2,-101,177.83,5408
21.0,6.2,-101,177.83,5409
21.0,6.2,-101,177.83,5410
20.8,6.2,-101,177.83,5411
21.6,6.2,-101,177.83,5412
22.1,6.2,-101,177.83,5413
20.9,6.2,-101,177.83,5414
21.4,6.2,-101,177.83,5415
21.0,6.2,-101,177.83,5416
21.6,6.2,-101,177.83,5417
21.4,6.2,-101,177.83,5418
21.2,6.2,-101,177.83,5419
21.2,6.2,-101,177.83,5420
21.2,6.2,-101,177.83,5421
21.0,6.2,-101,177.83,5422
21.4,6.2,-101,177.83,5423
20.9,6.2,-101,177.83,5424
21.0,6.2,-101,177.83,5425
20.9,6.2,-101,177.83,5426
21.0,6.2,-101,177.83,5427
20.7,6.2,-101,177.83,5428
21.2,6.2,-101,177.83,5429
20.9,6.2,-101,177.83,5430
20.7,6.2,-101,177.83,5431
21.2,6.2,-101,177.83,5432
20.9,6.2,-101,177.83,5433
21.2,6.2,-101,177.83,5434
20.7,6.2,-101,177.83,5435
20.9,6.2,-101,177.83,5436
21.2,6.2,-101,177.83,5437
21.2,6.2,-101,177.83,5438
21.6,6.2,-101,177.83,5439
21.1,6.2,-101,177.83,5440
20.9,6.2,-101,177.83,5441
21.2,6.2,-101,177.83,5442
21.2,6.2,-101,177.83,5443
20.3,6.2,-101,177.83,5444
20.7,6.2,-101,177.83,5445
21.0,6.2,-101,177.83,5446
21.0,6.2,-101,177.83,5447
21.0,6.2,-101,177.83,5448
21.0,6.2,-101,177.83,5449
20.9,6.2,-101,177.83,5450
20.3,6.2,-101,177.83,5451
20.9,6.2,-101,177.83,5452
20.3,6.2,-101,177.83,5453
20.9,6.2,-101,177.83,5454
20.9,6.2,-101,177.83,5455
20.9,6.2,-101,177.83,5456
20.6,6.2,-101,177.83,5457
20.3,6.2,-101,177.83,5458
20.7,6.2,-101,177.83,5459
20.9,6.2,-101,177.83,5460
20.9,6.2,-101,177.83,5461
20.9,6.2,-101,177.83,5462
20.9,6.2,-101,177.83,5463
20.9,6.2,-101,177.83,5464
20.9,6.2,-101,177.83,5465
21.2,6.2,-101,177.83,5466
20.9,6.2,-101,177.83,5467
21.2,6.2,-101,177.83,5468
19.9,6.2,-101,177.83,5469
20.7,6.2,-101,177.83,5470
20.3,6.2,-101,177.83,5471
20.7,6.2,-101,177.83,5472
20.8,6.2,-101,177.83,5473
20.9,6.2,-101,177.83,5474
20.6,6.2,-101,177.83,5475
20.6,6.2,-101,177.83,5476
20.9,6.2,-101,177.83,5477
20.3,6.2,-101,177.83,5478
20.6,6.2,-101,177.83,5479
20.5,6.2,-101,177.83,5480
20.6,6.2,-101,177.83,5481
20.9,6.2,-101,177.83,5482
20.6,6.2,-101,177.83,5483
20.8,6.2,-101,177.83,5484
20.7,6.2,-101,177.83,5485
20.6,6.2,-101,177.83,5486
19.0,6.1,-101,177.83,5487
20.9,6.2,-101,177.83,5488
20.6,6.2,-101,177.83,5489
20.9,6.2,-101,177.83,5490
20.7,6.2,-101,177.83,5491
20.6,6.2,-101,177.83,5492
20.5,6.2,-101,177.83,5493
20.9,6.2,-101,177.83,5494
20.7,6.2,-101,177.83,5495
20.6,6.2,-101,177.83,5496
20.6,6.2,-101,177.83,5497
20.3,6.2,-101,177.83,5498
20.3,6.2,-101,177.83,5499
20.6,6.2,-101,177.83,5500
20.6,6.2,-101,177.83,5501
20.3,6.2,-101,177.83,5502
20.6,6.2,-101,177.83,5503
20.3,6.2,-101,177.83,5504
20.9,6.2,-101,177.83,5505
20.3,6.2,-101,177.83,5506
20.3,6.2,-101,177.83,5507
20.6,6.2,-101,177.83,5508
20.2,6.2,-101,177.83,5509
20.6,6.2,-101,177.83,5510
20.6,6.2,-101,177.83,5511
20.9,6.2,-101,177.83,5512
20.9,6.2,-101,177.83,5513
20.2,6.2,-101,177.83,5514
20.6,6.2,-101,177.83,5515
20.9,6.2,-101,177.83,5516
20.3,6.2,-101,177.83,5517
20.6,6.2,-101,177.83,5518
20.7,6.2,-101,177.83,5519
20.7,6.2,-101,177.83,5520
21.1,6.2,-101,177.83,5521
20.6,6.2,-101,177.83,5522
20.1,6.2,-101,177.83,5523
20.9,6.2,-101,177.83,5524
20.9,6.2,-101,177.83,5525
20.1,6.2,-101,177.83,5526
20.7,6.2,-101,177.83,5527
20.9,6.2,-101,177.83,5528
20.8,6.2,-101,177.83,5529
20.5,6.2,-101,177.83,5530
20.3,6.2,-101,177.83,5531
20.6,6.2,-101,177.83,5532
20.9,6.2,-101,177.83,5533
20.7,6.2,-101,177.83,5534
20.9,6.2,-101,177.83,5535
20.6,6.2,-101,177.83,5536
21.3,6.2,-101,177.83,5537
20.6,6.2,-101,177.83,5538
20.9,6.2,-101,177.83,5539
20.9,6.2,-101,177.83,5540
20.6,6.2,-101,177.83,5541
20.9,6.2,-101,177.83,5542
20.9,6.2,-101,177.83,5543
20.9,6.2,-101,177.83,5544
20.9,6.2,-101,177.83,5545
20.2,6.2,-101,177.83,5546
20.9,6.2,-101,177.83,5547
20.6,6.2,-101,177.83,5548
21.2,6.2,-101,177.83,5549
20.5,6.2,-101,177.83,5550
20.9,6.2,-101,177.83,5551
20.7,6.2,-101,177.83,5552
20.3,6.2,-101,177.83,5553
20.6,6.2,-101,177.83,5554
20.3,6.2,-101,177.83,5555
20.9,6.2,-101,177.83,5556
20.7,6.2,-101,177.83,5557
20.9,6.2,-101,177.83,5558
20.9,6.2,-101,177.83,5559
20.9,6.2,-101,177.83,5560
21.2,6.2,-101,177.83,5561
20.9,6.2,-101,177.83,5562
20.9,6.2,-101,177.83,5563
20.3,6.2,-101,177.83,5564
20.6,6.2,-101,177.83,5565
20.7,6.2,-101,177.83,5566
20.6,6.2,-101,177.83,5567
20.9,6.2,-101,177.83,5568
20.3,6.2,-101,177.83,5569
20.6,6.2,-101,177.83,5570
20.8,6.2,-101,177.83,5571
20.6,6.2,-101,177.83,5572
20.6,6.2,-101,177.83,5573
21.1,6.2,-101,177.83,5574
20.3,6.2,-101,177.83,5575
20.3,6.2,-101,177.83,5576
20.7,6.2,-101,177.83,5577
21.2,6.2,-101,177.83,5578
20.3,6.2,-101,177.83,5579
20.2,6.2,-101,177.83,5580
20.9,6.2,-101,177.83,5581
21.6,6.2,-101,177.83,5582
20.6,6.2,-101,177.83,5583
20.6,6.2,-101,177.83,5584
20.8,6.2,-101,177.83,5585
20.6,6.2,-101,177.83,5586
20.6,6.2,-101,177.83,5587
20.6,6.2,-101,177.83,5588
20.6,6.2,-101,177.83,5589
20.6,6.2,-101,177.83,5590
20.6,6.2,-101,177.83,5591
20.5,6.2,-101,177.83,5592
20.0,6.2,-101,177.83,5593
20.4,6.2,-101,177.83,5594
20.5,6.2,-101,177.83,5595
20.6,6.2,-101,177.83,5596
20.3,6.2,-101,177.83,5597
20.6,6.2,-101,177.83,5598
20.6,6.2,-101,177.83,5599
20.2,6.2,-101,177.83,5600
20.2,6.2,-101,177.83,5601
20.6,6.2,-101,177.83,5602
20.3,6.2,-101,177.83,5603
20.2,6.2,-101,177.83,5604
20.6,6.2,-101,177.83,5605
20.1,6.2,-101,177.83,5606
20.0,6.2,-101,177.83,5607
20.2,6.2,-101,177.83,5608
20.2,6.2,-101,177.83,5609
19.3,6.2,-101,177.83,5610
19.8,6.2,-101,177.83,5611
19.9,6.2,-101,177.83,5612
20.2,6.2,-101,177.83,5613
19.6,6.2,-101,177.83,5614
19.9,6.2,-101,177.83,5615
20.0,6.2,-101,177.83,5616
20.2,6.2,-101,177.83,5617
19.9,6.2,-101,177.83,5618
20.3,6.2,-101,177.83,5619
20.2,6.2,-101,177.83,5620
19.9,6.2,-101,177.83,5621
19.6,6.2,-101,177.83,5622
20.2,6.2,-101,177.83,5623
19.6,6.2,-101,177.83,5624
19.9,6.2,-101,177.83,5625
19.6,6.2,-101,177.83,5626
19.9,6.2,-101,177.83,5627
19.6,6.2,-101,177.83,5628
20.2,6.2,-101,177.83,5629
19.5,6.2,-101,177.83,5630
20.1,6.2,-101,177.83,5631
19.8,6.2,-101,177.83,5632
20.2,6.2,-101,177.83,5633
20.2,6.2,-101,177.83,5634
20.2,6.2,-101,177.83,5635
19.6,6.2,-101,177.83,5636
20.2,6.2,-101,177.83,5637
20.2,6.2,-101,177.83,5638
19.9,6.2,-101,177.83,5639
20.2,6.2,-101,177.83,5640
20.2,6.2,-101,177.83,5641
19.6,6.2,-101,177.83,5642
19.9,6.2,-101,177.83,5643
20.1,6.2,-101,177.83,5644
20.2,6.2,-101,177.83,5645
20.0,6.2,-101,177.83,5646
20.3,6.2,-101,177.83,5647
20.2,6.2,-101,177.83,5648
20.1,6.2,-101,177.83,5649
20.2,6.2,-101,177.83,5650
20.2,6.2,-101,177.83,5651
19.9,6.2,-101,177.83,5652
19.6,6.2,-101,177.83,5653
19.9,6.2,-101,177.83,5654
20.2,6.2,-101,177.83,5655
20.2,6.2,-101,177.83,5656
19.9,6.2,-101,177.83,5657
19.9,6.2,-101,177.83,5658
20.2,6.2,-101,177.83,5659
19.9,6.2,-101,177.83,5660
20.6,6.2,-101,177.83,5661
20.0,6.2,-101,177.83,5662
20.0,6.2,-101,177.83,5663
20.6,6.2,-101,177.83,5664
20.2,6.2,-101,177.83,5665
19.9,6.2,-101,177.83,5666
20.2,6.2,-101,177.83,5667
19.6,6.2,-101,177.83,5668
19.9,6.2,-101,177.83,5669
20.2,6.2,-101,177.83,5670
19.9,6.2,-101,177.83,5671
20.4,6.2,-101,177.83,5672
20.6,6.2,-101,177.83,5673
19.3,6.2,-101,177.83,5674
20.1,6.2,-101,177.83,5675
19.9,6.2,-101,177.83,5676
20.1,6.2,-101,177.83,5677
20.0,6.2,-101,177.83,5678
20.4,6.2,-101,177.83,5679
20.2,6.2,-101,177.83,5680
19.9,6.2,-101,177.83,5681
20.0,6.2,-101,177.83,5682
19.9,6.2,-101,177.83,5683
20.0,6.2,-101,177.83,5684
20.2,6.2,-101,177.83,5685
20.0,6.2,-101,177.83,5686
19.9,6.2,-101,177.83,5687
20.0,6.2,-101,177.83,5688
19.9,6.2,-101,177.83,5689
20.2,6.2,-101,177.83,5690
20.0,6.2,-101,177.83,5691
20.4,6.2,-101,177.83,5692
19.7,6.2,-101,177.83,5693
20.2,6.2,-101,177.83,5694
20.6,6.2,-101,177.83,5695
20.0,6.2,-101,177.83,5696
20.2,6.2,-101,177.83,5697
20.2,6.2,-101,177.83,5698
20.3,6.2,-101,177.83,5699
19.6,6.2,-101,177.83,5700
20.2,6.2,-101,177.83,5701
19.9,6.2,-101,177.83,5702
20.2,6.2,-101,177.83,5703
20.6,6.2,-101,177.83,5704
19.8,6.2,-101,177.83,5705
20.2,6.2,-101,177.83,5706
20.2,6.2,-101,177.83,5707
20.4,6.2,-101,177.83,5708
20.0,6.2,-101,177.83,5709
20.0,6.2,-101,177.83,5710
20.6,6.2,-101,177.83,5711
20.2,6.2,-101,177.83,5712
20.2,6.2,-101,177.83,5713
20.2,6.2,-101,177.83,5714
20.6,6.2,-101,177.83,5715
20.2,6.2,-101,177.83,5716
20.2,6.2,-101,177.83,5717
20.6,6.2,-101,177.83,5718
20.0,6.2,-101,177.83,5719
20.0,6.2,-101,177.83,5720
19.4,6.2,-101,177.83,5721
19.9,6.2,-101,177.83,5722
20.2,6.2,-101,177.83,5723
20.2,6.2,-101,177.83,5724
20.2,6.2,-101,177.83,5725
20.6,6.2,-101,177.83,5726
20.2,6.2,-101,177.83,5727
20.0,6.2,-101,177.83,5728
20.4,6.2,-101,177.83,5729
20.2,6.2,-101,177.83,5730
20.2,6.2,-101,177.83,5731
19.9,6.2,-101,177.83,5732
20.2,6.2,-101,177.83,5733
19.9,6.2,-101,177.83,5734
20.2,6.2,-101,177.83,5735
19.5,6.2,-101,177.83,5736
19.6,6.2,-101,177.83,5737
19.6,6.2,-101,177.83,5738
19.6,6.2,-101,177.83,5739
19.5,6.2,-101,177.83,5740
20.0,6.2,-101,177.83,5741
19.9,6.2,-101,177.83,5742
19.9,6.2,-101,177.83,5743
19.9,6.2,-101,177.83,5744
19.5,6.2,-101,177.83,5745
20.1,6.2,-101,177.83,5746
19.9,6.2,-101,177.83,5747
19.9,6.2,-101,177.83,5748
19.5,6.2,-101,177.83,5749
19.9,6.2,-101,177.83,5750
19.5,6.2,-101,177.83,5751
19.5,6.2,-101,177.83,5752
19.5,6.2,-101,177.83,5753
19.6,6.2,-101,177.83,5754
19.9,6.2,-101,177.83,5755
20.2,6.2,-101,177.83,5756
19.6,6.2,-101,177.83,5757
19.5,6.2,-101,177.83,5758
19.5,6.2,-101,177.83,5759
19.3,6.2,-101,177.83,5760
19.2,6.2,-101,177.83,5761
19.2,6.2,-101,177.83,5762
19.7,6.2,-101,177.83,5763
19.9,6.2,-101,177.83,5764
19.5,6.2,-101,177.83,5765
20.1,6.2,-101,177.83,5766
19.5,6.2,-101,177.83,5767
19.5,6.2,-101,177.83,5768
19.5,6.2,-101,177.83,5769
19.6,6.2,-101,177.83,5770
19.5,6.2,-101,177.83,5771
19.7,6.2,-101,177.83,5772
19.6,6.2,-101,177.83,5773
19.9,6.2,-101,177.83,5774
19.5,6.2,-101,177.83,5775
19.9,6.2,-101,177.83,5776
19.7,6.2,-101,177.83,5777
20.4,6.2,-101,177.83,5778
19.9,6.2,-101,177.83,5779
19.3,6.2,-101,177.83,5780
19.5,6.2,-101,177.83,5781
20.1,6.2,-101,177.83,5782
19.5,6.2,-101,177.83,5783
19.5,6.2,-101,177.83,5784
19.5,6.2,-101,177.83,5785
19.9,6.2,-101,177.83,5786
19.5,6.2,-101,177.83,5787
19.9,6.2,-101,177.83,5788
19.1,6.2,-101,177.83,5789
19.5,6.2,-101,177.83,5790
19.3,6.2,-101,177.83,5791
19.9,6.2,-101,177.83,5792
20.1,6.2,-101,177.83,5793
19.6,6.2,-101,177.83,5794
19.9,6.2,-101,177.83,5795
19.9,6.2,-101,177.83,5796
19.9,6.2,-101,177.83,5797
19.5,6.2,-101,177.83,5798
20.1,6.2,-101,177.83,5799
19.9,6.2,-101,177.83,5800
19.6,6.2,-101,177.83,5801
19.9,6.2,-101,177.83,5802
19.5,6.2,-101,177.83,5803
20.2,6.2,-101,177.83,5804
19.9,6.2,-101,177.83,5805
19.7,6.2,-101,177.83,5806
19.6,6.2,-101,177.83,5807
19.9,6.2,-101,177.83,5808
20.1,6.2,-101,177.83,5809
20.4,6.2,-101,177.83,5810
19.6,6.2,-101,177.83,5811
19.9,6.2,-101,177.83,5812
19.4,6.2,-101,177.83,5813
20.6,6.2,-101,177.83,5814
19.1,6.2,-101,177.83,5815
19.5,6.2,-101,177.83,5816
20.2,6.2,-101,177.83,5817
20.1,6.2,-101,177.83,5818
19.9,6.2,-101,177.83,5819
19.3,6.2,-101,177.83,5820
19.4,6.2,-101,177.83,5821
20.2,6.2,-101,177.83,5822
20.2,6.2,-101,177.83,5823
19.9,6.2,-101,177.83,5824
20.2,6.2,-101,177.83,5825
19.9,6.2,-101,177.83,5826
19.7,6.2,-101,177.83,5827
20.2,6.2,-101,177.83,5828
20.1,6.2,-101,177.83,5829
19.9,6.2,-101,177.83,5830
19.5,6.2,-101,177.83,5831
19.9,6.2,-101,177.83,5832
20.2,6.2,-101,177.83,5833
19.9,6.2,-101,177.83,5834
19.5,6.2,-101,177.83,5835
19.9,6.2,-101,177.83,5836
19.9,6.2,-101,177.83,5837
20.1,6.2,-101,177.83,5838
19.9,6.2,-101,177.83,5839
19.6,6.2,-101,177.83,5840
20.1,6.2,-101,177.83,5841
20.2,6.2,-101,177.83,5842
20.1,6.2,-101,177.83,5843
19.8,6.2,-101,177.83,5844
19.9,6.2,-101,177.83,5845
19.5,6.2,-101,177.83,5846
19.9,6.2,-101,177.83,5847
19.9,6.2,-101,177.83,5848
19.6,6.2,-101,177.83,5849
19.9,6.2,-101,177.83,5850
19.9,6.2,-101,177.83,5851
19.9,6.2,-101,177.83,5852
19.9,6.2,-101,177.83,5853
19.5,6.2,-101,177.83,5854
20.0,6.2,-101,177.83,5855
19.5,6.2,-101,177.83,5856
19.9,6.2,-101,177.83,5857
19.9,6.2,-101,177.83,5858
20.6,6.2,-101,177.83,5859
19.3,6.2,-101,177.83,5860
20.1,6.2,-101,177.83,5861
19.9,6.2,-101,177.83,5862
19.6,6.2,-101,177.83,5863
20.2,6.2,-101,177.83,5864
19.9,6.2,-101,177.83,5865
19.4,6.2,-101,177.83,5866
19.3,6.2,-101,177.83,5867
19.6,6.2,-101,177.83,5868
19.3,6.2,-101,177.83,5869
19.3,6.2,-101,177.83,5870
19.3,6.2,-101,177.83,5871
19.5,6.2,-101,177.83,5872
19.9,6.2,-101,177.83,5873
19.9,6.2,-101,177.83,5874
19.1,6.2,-101,177.83,5875
19.3,6.2,-101,177.83,5876
19.5,6.2,-101,177.83,5877
19.5,6.2,-101,177.83,5878
19.5,6.2,-101,177.83,5879
19.6,6.2,-101,177.83,5880
19.9,6.2,-101,177.83,5881
19.2,6.2,-101,177.83,5882
19.6,6.2,-101,177.83,5883
19.6,6.2,-101,177.83,5884
19.3,6.2,-101,177.83,5885
19.5,6.2,-101,177.83,5886
19.3,6.2,-101,177.83,5887
19.5,6.2,-101,177.83,5888
19.5,6.2,-101,177.83,5889
19.5,6.2,-101,177.83,5890
19.2,6.2,-101,177.83,5891
19.5,6.2,-101,177.83,5892
19.2,6.2,-101,177.83,5893
19.9,6.2,-101,177.83,5894
19.5,6.2,-101,177.83,5895
19.5,6.2,-101,177.83,5896
19.5,6.2,-101,177.83,5897
19.1,6.2,-101,177.83,5898
19.5,6.2,-101,177.83,5899
19.9,6.2,-101,177.83,5900
19.0,6.2,-101,177.83,5901
19.9,6.2,-101,177.83,5902
19.2,6.2,-101,177.83,5903
19.3,6.2,-101,177.83,5904
19.5,6.2,-101,177.83,5905
19.5,6.2,-101,177.83,5906
20.2,6.2,-101,177.83,5907
19.0,6.2,-101,177.83,5908
19.3,6.2,-101,177.83,5909
19.3,6.2,-101,177.83,5910
19.2,6.2,-101,177.83,5911
19.5,6.2,-101,177.83,5912
19.6,6.2,-101,177.83,5913
19.2,6.2,-101,177.83,5914
18.5,6.2,-101,177.83,5915
19.5,6.2,-101,177.83,5916
19.5,6.2,-101,177.83,5917
19.5,6.2,-101,177.83,5918
19.5,6.2,-101,177.83,5919
19.5,6.2,-101,177.83,5920
19.5,6.2,-101,177.83,5921
19.5,6.2,-101,177.83,5922
19.5,6.2,-101,177.83,5923
19.4,6.2,-101,177.83,5924
19.5,6.2,-101,177.83,5925
19.5,6.2,-101,177.83,5926
19.9,6.2,-101,177.83,5927
19.7,6.2,-101,177.83,5928
19.9,6.2,-101,177.83,5929
19.5,6.2,-101,177.83,5930
19.9,6.2,-101,177.83,5931
19.5,6.2,-101,177.83,5932
20.2,6.2,-101,177.83,5933
19.3,6.2,-101,177.83,5934
19.0,6.2,-101,177.83,5935
19.5,6.2,-101,177.83,5936
19.9,6.2,-101,177.83,5937
19.5,6.2,-101,177.83,5938
19.5,6.2,-101,177.83,5939
19.2,6.2,-101,177.83,5940
19.5,6.2,-101,177.83,5941
19.5,6.2,-101,177.83,5942
19.3,6.2,-101,177.83,5943
19.5,6.2,-101,177.83,5944
19.5,6.2,-101,177.83,5945
19.5,6.2,-101,177.83,5946
19.5,6.2,-101,177.83,5947
19.5,6.2,-101,177.83,5948
19.5,6.2,-101,177.83,5949
19.5,6.2,-101,177.83,5950
19.5,6.2,-101,177.83,5951
19.3,6.2,-101,177.83,5952
19.5,6.2,-101,177.83,5953
19.9,6.2,-101,177.83,5954
19.5,6.2,-101,177.83,5955
19.5,6.2,-101,177.83,5956
19.9,6.2,-101,177.83,5957
19.0,6.2,-101,177.83,5958
19.8,6.2,-101,177.83,5959
19.5,6.2,-101,177.83,5960
19.5,6.2,-101,177.83,5961
19.5,6.2,-101,177.83,5962
19.5,6.2,-101,177.83,5963
19.9,6.2,-101,177.83,5964
19.5,6.2,-101,177.83,5965
19.5,6.2,-101,177.83,5966
19.2,6.2,-101,177.83,5967
19.1,6.2,-101,177.83,5968
19.9,6.2,-101,177.83,5969
19.9,6.2,-101,177.83,5970
19.5,6.2,-101,177.83,5971
19.2,6.2,-101,177.83,5972
19.5,6.2,-101,177.83,5973
19.6,6.2,-101,177.83,5974
19.0,6.2,-101,177.83,5975
20.2,6.2,-101,177.83,5976
19.6,6.2,-101,177.83,5977
19.5,6.2,-101,177.83,5978
19.2,6.2,-101,177.83,5979
19.1,6.2,-101,177.83,5980
19.5,6.2,-101,177.83,5981
20.1,6.2,-101,177.83,5982
20.1,6.2,-101,177.83,5983
19.2,6.2,-101,177.83,5984
19.3,6.2,-101,177.83,5985
19.3,6.2,-101,177.83,5986
19.7,6.2,-101,177.83,5987
19.7,6.2,-101,177.83,5988
19.6,6.2,-101,177.83,5989
19.7,6.2,-101,177.83,5990
20.3,6.2,-101,177.83,5991
19.9,6.2,-101,177.83,5992
20.1,6.2,-101,177.83,5993
19.3,6.2,-101,177.83,5994
19.2,6.2,-101,177.83,5995
19.9,6.2,-101,177.83,5996
19.9,6.2,-101,177.83,5997
19.5,6.2,-101,177.83,5998
19.9,6.2,-101,177.83,5999
19.9,6.2,-101,177.83,6000
19.5,6.2,-101,177.83,6001
19.5,6.2,-101,177.83,6002
19.2,6.2,-101,177.83,6003
19.1,6.2,-101,177.83,6004
19.5,6.2,-101,177.83,6005
19.5,6.2,-101,177.83,6006
19.7,6.2,-101,177.83,6007
19.3,6.2,-101,177.83,6008
19.2,6.2,-101,177.83,6009
19.3,6.2,-101,177.83,6010
19.7,6.2,-101,177.83,6011
19.5,6.2,-101,177.83,6012
19.2,6.2,-101,177.83,6013
19.7,6.2,-101,177.83,6014
19.4,6.2,-101,177.83,6015
19.2,6.2,-101,177.83,6016
19.5,6.2,-101,177.83,6017
19.2,6.2,-101,177.83,6018
19.3,6.2,-101,177.83,6019
19.5,6.2,-101,177.83,6020
19.5,6.2,-101,177.83,6021
19.2,6.2,-101,177.83,6022
19.5,6.2,-101,177.83,6023
19.9,6.2,-101,177.83,6024
19.2,6.2,-101,177.83,6025
19.2,6.2,-101,177.83,6026
19.2,6.2,-101,177.83,6027
19.7,6.2,-101,177.83,6028
19.0,6.2,-101,177.83,6029
19.2,6.2,-101,177.83,6030
19.2,6.2,-101,177.83,6031
19.2,6.2,-101,177.83,6032
19.2,6.2,-101,177.83,6033
18.8,6.2,-101,177.83,6034
19.5,6.2,-101,177.83,6035
19.0,6.2,-101,177.83,6036
19.0,6.2,-101,177.83,6037
19.2,6.2,-101,177.83,6038
19.2,6.2,-101,177.83,6039
19.0,6.2,-101,177.83,6040
19.2,6.2,-101,177.83,6041
18.6,6.2,-101,177.83,6042
19.0,6.2,-101,177.83,6043
19.2,6.2,-101,177.83,6044
18.6,6.2,-101,177.83,6045
19.2,6.2,-101,177.83,6046
19.2,6.2,-101,177.83,6047
18.8,6.2,-101,177.83,6048
19.0,6.2,-101,177.83,6049
19.0,6.2,-101,177.83,6050
19.0,6.2,-101,177.83,6051
18.8,6.2,-101,177.83,6052
19.2,6.2,-101,177.83,6053
19.0,6.2,-101,177.83,6054
19.0,6.2,-101,177.83,6055
19.0,6.2,-101,177.83,6056
19.2,6.2,-101,177.83,6057
19.0,6.2,-101,177.83,6058
18.8,6.2,-101,177.83,6059
18.4,6.2,-101,177.83,6060
18.8,6.2,-101,177.83,6061
18.8,6.2,-101,177.83,6062
18.8,6.2,-101,177.83,6063
18.8,6.2,-101,177.83,6064
18.8,6.2,-101,177.83,6065
18.8,6.2,-101,177.83,6066
18.6,6.2,-101,177.83,6067
19.2,6.2,-101,177.83,6068
19.0,6.2,-101,177.83,6069
19.2,6.2,-101,177.83,6070
18.8,6.2,-101,177.83,6071
19.0,6.2,-101,177.83,6072
19.0,6.2,-101,177.83,6073
18.5,6.2,-101,177.83,6074
18.8,6.2,-101,177.83,6075
18.5,6.2,-101,177.83,6076
18.8,6.2,-101,177.83,6077
18.6,6.2,-101,177.83,6078
19.2,6.2,-101,177.83,6079
19.2,6.2,-101,177.83,6080
19.2,6.2,-101,177.83,6081
18.6,6.2,-101,177.83,6082
18.8,6.2,-101,177.83,6083
19.0,6.2,-101,177.83,6084
18.5,6.2,-101,177.83,6085
18.8,6.2,-101,177.83,6086
19.2,6.2,-101,177.83,6087
18.8,6.2,-101,177.83,6088
19.5,6.2,-101,177.83,6089
18.8,6.2,-101,177.83,6090
18.8,6.2,-101,177.83,6091
19.0,6.2,-101,177.83,6092
19.0,6.2,-101,177.83,6093
18.8,6.2,-101,177.83,6094
19.2,6.2,-101,177.83,6095
18.8,6.2,-101,177.83,6096
19.3,6.2,-101,177.83,6097
18.5,6.2,-101,177.83,6098
18.8,6.2,-101,177.83,6099
18.8,6.2,-101,177.83,6100
18.8,6.2,-101,177.83,6101
19.0,6.2,-101,177.83,6102
18.8,6.2,-101,177.83,6103
19.2,6.2,-101,177.83,6104
18.5,6.2,-101,177.83,6105
18.8,6.2,-101,177.83,6106
18.6,6.2,-101,177.83,6107
18.8,6.2,-101,177.83,6108
18.5,6.2,-101,177.83,6109
18.8,6.2,-101,177.83,6110
18.8,6.2,-101,177.83,6111
18.8,6.2,-101,177.83,6112
18.4,6.2,-101,177.83,6113
19.2,6.2,-101,177.83,6114
19.0,6.2,-101,177.83,6115
18.4,6.2,-101,177.83,6116
19.1,6.1,-101,177.83,6117
18.8,6.2,-101,177.83,6118
19.2,6.2,-101,177.83,6119
18.5,6.2,-101,177.83,6120
19.2,6.2,-101,177.83,6121
18.6,6.2,-101,177.83,6122
19.2,6.2,-101,177.83,6123
18.8,6.2,-101,177.83,6124
18.5,6.2,-101,177.83,6125
18.8,6.2,-101,177.83,6126
18.6,6.2,-101,177.83,6127
18.5,6.2,-101,177.83,6128
18.8,6.2,-101,177.83,6129
18.8,6.2,-101,177.83,6130
19.0,6.2,-101,177.83,6131
19.5,6.2,-101,177.83,6132
19.2,6.2,-101,177.83,6133
19.3,6.2,-101,177.83,6134
19.2,6.2,-101,177.83,6135
19.0,6.2,-101,177.83,6136
19.2,6.2,-101,177.83,6137
18.8,6.2,-101,177.83,6138
18.5,6.2,-101,177.83,6139
19.0,6.2,-101,177.83,6140
18.8,6.2,-101,177.83,6141
18.8,6.2,-101,177.83,6142
19.0,6.2,-101,177.83,6143
18.8,6.2,-101,177.83,6144
18.8,6.2,-101,177.83,6145
19.0,6.2,-101,177.83,6146
19.2,6.2,-101,177.83,6147
19.0,6.2,-101,177.83,6148
19.2,6.2,-101,177.83,6149
18.8,6.2,-101,177.83,6150
19.4,6.2,-101,177.83,6151
18.8,6.2,-101,177.83,6152
18.6,6.2,-101,177.83,6153
18.8,6.2,-101,177.83,6154
18.8,6.2,-101,177.83,6155
19.0,6.2,-101,177.83,6156
18.8,6.2,-101,177.83,6157
18.8,6.2,-101,177.83,6158
19.2,6.2,-101,177.83,6159
19.0,6.2,-101,177.83,6160
18.4,6.2,-101,177.83,6161
18.8,6.2,-101,177.83,6162
18.7,6.2,-101,177.83,6163
18.8,6.2,-101,177.83,6164
19.0,6.2,-101,177.83,6165
18.8,6.2,-101,177.83,6166
18.8,6.2,-101,177.83,6167
19.0,6.2,-101,177.83,6168
18.5,6.2,-101,177.83,6169
18.6,6.2,-101,177.83,6170
18.8,6.2,-101,177.83,6171
19.4,6.2,-101,177.83,6172
18.6,6.2,-101,177.83,6173
19.2,6.2,-101,177.83,6174
18.7,6.2,-101,177.83,6175
18.6,6.2,-101,177.83,6176
19.2,6.2,-101,177.83,6177
19.2,6.2,-101,177.83,6178
18.8,6.2,-101,177.83,6179
18.7,6.2,-101,177.83,6180
18.8,6.2,-101,177.83,6181
19.2,6.2,-101,177.83,6182
19.2,6.2,-101,177.83,6183
19.2,6.2,-101,177.83,6184
19.0,6.2,-101,177.83,6185
19.4,6.2,-101,177.83,6186
18.6,6.2,-101,177.83,6187
19.2,6.2,-101,177.83,6188
18.8,6.2,-101,177.83,6189
19.2,6.2,-101,177.83,6190
19.2,6.2,-101,177.83,6191
19.2,6.2,-101,177.83,6192
18.8,6.2,-101,177.83,6193
19.5,6.2,-101,177.83,6194
18.8,6.2,-101,177.83,6195
18.8,6.2,-101,177.83,6196
18.8,6.2,-101,177.83,6197
18.8,6.2,-101,177.83,6198
19.2,6.2,-101,177.83,6199
19.2,6.2,-101,177.83,6200
19.0,6.2,-101,177.83,6201
19.2,6.2,-101,177.83,6202
18.8,6.2,-101,177.83,6203
19.5,6.2,-101,177.83,6204
18.8,6.2,-101,177.83,6205
18.8,6.2,-101,177.83,6206
19.5,6.2,-101,177.83,6207
19.2,6.2,-101,177.83,6208
19.2,6.2,-101,177.83,6209
19.2,6.2,-101,177.83,6210
19.2,6.1,-101,177.83,6211
18.8,6.2,-101,177.83,6212
19.4,6.1,-101,177.83,6213
18.8,6.1,-101,177.83,6214
19.3,6.1,-101,177.83,6215
