1,1,0,43.2214470,-0.0518172,577.04,122.86,0.4,-1.0,95704.1,153,-56,113,9,39.93,8.10,5148
1,1,0,43.2214508,-0.0518234,576.83,122.68,0.4,-1.0,95704.1,-108,141,17,8,39.93,8.09,5149
1,1,0,43.2214546,-0.0518316,575.76,121.87,0.6,-0.9,95713.4,-202,174,0,8,39.93,8.10,5150
1,1,0,43.2214699,-0.0518463,572.35,121.87,1.1,-0.6,95735.8,-643,817,-132,8,39.93,8.09,5151
1,1,0,43.2214737,-0.0518580,569.54,119.91,1.4,-0.3,95735.8,-2948,15728,7215,8,39.71,8.09,5152
1,1,0,43.2214775,-0.0518630,568.02,119.91,1.2,-0.2,95761.0,1164,2310,-889,8,39.71,8.08,5153
1,1,0,43.2214775,-0.0518536,567.11,117.72,0.8,-0.1,95761.0,225,1793,508,8,39.36,8.09,5154
1,1,0,43.2214775,-0.0518535,566.20,116.76,0.5,-0.0,95772.1,-1178,2214,-119,8,39.93,8.09,5155
1,1,0,43.2214737,-0.0518543,565.70,116.76,0.3,0.0,95781.0,734,2015,612,9,40.27,8.10,5156
1,1,0,43.2214737,-0.0518548,565.03,115.98,0.1,0.1,95781.0,-366,2548,-400,9,39.36,8.09,5157
1,1,0,43.2214737,-0.0518544,564.38,115.98,0.3,0.1,95790.8,-250,1708,940,9,39.71,8.09,5158
1,1,0,43.2214661,-0.0518475,563.61,115.12,0.9,0.2,95790.8,654,2094,101,9,39.71,8.09,5159
1,1,0,43.2214584,-0.0518449,563.03,114.14,1.2,0.2,95802.1,59,2275,115,9,39.36,8.09,5160
1,1,0,43.2214546,-0.0518449,562.35,114.14,1.4,0.3,95802.1,-82,2337,-266,9,39.71,8.08,5161
1,1,0,43.2214546,-0.0518457,561.73,113.42,1.5,0.3,95810.4,-542,1751,401,9,39.36,8.09,5162
1,1,0,43.2214508,-0.0518474,561.52,113.42,1.6,0.3,95821.0,282,2100,394,9,39.58,8.10,5163
1,1,0,43.2214508,-0.0518499,561.37,112.49,1.6,0.3,95821.0,-89,2360,308,9,39.58,8.10,5164
1,1,0,43.2214508,-0.0518531,561.19,111.48,1.5,0.3,95832.7,-230,2267,414,9,39.58,8.09,5165
1,1,0,43.2214508,-0.0518556,560.96,111.48,1.4,0.3,95832.7,-401,2429,-12,9,39.36,8.09,5166
1,1,0,43.2214508,-0.0518564,560.65,110.45,1.3,0.3,95844.4,-58,2551,164,9,39.36,8.08,5167
1,1,0,43.2214546,-0.0518603,560.28,110.45,1.0,0.4,95854.5,18,2274,294,9,39.71,8.09,5168
1,1,0,43.2214546,-0.0518574,559.81,109.58,1.2,0.4,95854.5,132,2144,506,9,39.71,8.09,5169
1,1,0,43.2214546,-0.0518529,559.38,109.58,1.4,0.4,95865.6,7,2184,421,10,39.93,8.10,5170
1,1,0,43.2214546,-0.0518441,558.79,108.61,1.8,0.5,95865.6,-294,2265,384,10,40.05,8.09,5171
1,1,0,43.2214546,-0.0518336,558.07,107.74,2.4,0.5,95875.6,-166,2414,491,9,39.58,8.10,5172
1,1,0,43.2214470,-0.0518196,557.29,107.74,3.0,0.5,95887.2,-216,2374,404,9,39.93,8.09,5173
1,1,0,43.2214432,-0.0518106,556.28,106.73,3.4,0.6,95887.2,-214,2228,345,9,39.93,8.10,5174
1,1,0,43.2214355,-0.0518077,554.94,106.73,3.5,0.7,95898.0,-159,2446,252,9,39.71,8.08,5175
1,1,0,43.2214317,-0.0518021,553.95,105.79,3.8,0.8,95898.0,-46,2468,422,10,39.24,8.10,5176
1,1,0,43.2214279,-0.0517979,553.44,104.65,3.9,0.8,95911.1,38,2572,491,10,39.36,8.09,5177
1,1,0,43.2214241,-0.0517963,553.49,104.65,3.7,0.8,95920.6,-123,2657,605,9,39.58,8.10,5178
1,1,0,43.2214241,-0.0517960,553.62,103.82,3.4,0.7,95920.6,-235,2444,597,9,39.58,8.09,5179
1,1,0,43.2214241,-0.0517969,553.50,103.82,3.0,0.7,95929.3,-176,2395,426,9,39.14,8.09,5180
1,1,0,43.2214279,-0.0517999,553.10,103.06,2.6,0.8,95929.3,-193,2328,441,10,39.58,8.09,5181
1,1,0,43.2214317,-0.0518015,552.32,102.25,2.3,0.8,95938.7,-102,2507,462,10,39.58,8.10,5182
1,1,0,43.2214355,-0.0517999,551.64,102.25,2.3,0.8,95948.7,-81,2462,441,10,39.58,8.09,5183
1,1,0,43.2214432,-0.0517924,551.49,101.38,2.6,0.8,95948.7,-71,2343,549,10,40.15,8.10,5184
1,1,0,43.2214470,-0.0517836,551.38,101.38,3.0,0.8,95957.4,-104,2393,507,10,39.58,8.10,5185
1,1,0,43.2214508,-0.0517739,551.20,100.62,3.5,0.8,95957.4,-78,2385,527,10,39.58,8.10,5186
1,1,0,43.2214508,-0.0517651,550.97,99.99,3.8,0.8,95964.6,-54,2207,420,10,39.24,8.09,5187
1,1,0,43.2214508,-0.0517550,551.10,99.99,4.1,0.8,95971.4,-95,1950,494,10,39.93,8.10,5188
1,1,0,43.2214508,-0.0517469,550.89,99.40,4.3,0.8,95971.4,-68,1895,427,10,39.93,8.09,5189
1,1,0,43.2214508,-0.0517397,550.58,99.40,4.4,0.8,95977.8,-17,1913,406,10,39.36,8.09,5190
1,1,0,43.2214508,-0.0517323,550.28,98.85,4.4,0.8,95977.8,-157,1795,460,10,39.93,8.09,5191
1,1,0,43.2214508,-0.0517256,549.73,98.21,4.5,0.8,95985.2,-69,1853,407,10,39.58,8.10,5192
1,1,0,43.2214546,-0.0517201,549.08,98.21,4.5,0.9,95985.2,-38,1836,436,10,39.36,8.08,5193
1,1,0,43.2214508,-0.0517129,548.55,97.49,4.6,0.9,95993.4,-150,2026,462,10,39.02,8.09,5194
1,1,0,43.2214508,-0.0517053,548.04,97.49,4.7,0.9,96002.5,-86,1942,398,10,39.71,8.09,5195
1,1,0,43.2214508,-0.0516973,547.51,96.70,4.8,0.9,96002.5,-95,2104,442,10,39.93,8.10,5196
1,1,0,43.2214470,-0.0516900,546.98,95.83,4.8,0.9,96012.5,-110,2036,463,10,39.93,8.09,5197
1,1,0,43.2214432,-0.0516846,546.14,95.83,4.8,1.0,96012.5,-85,2053,491,10,39.36,8.09,5198
1,1,0,43.2214394,-0.0516791,545.52,94.93,4.7,1.0,96022.8,-112,2157,476,10,39.93,8.09,5199
1,1,0,43.2214317,-0.0516750,544.82,94.93,4.6,1.0,96033.0,-172,2245,458,10,39.36,8.09,5200
1,1,0,43.2214317,-0.0516726,544.07,94.04,4.2,1.0,96033.0,-95,2143,481,10,39.58,8.09,5201
1,1,0,43.2214279,-0.0516686,543.79,94.04,4.1,1.0,96042.7,-105,2456,467,10,39.58,8.10,5202
1,1,0,43.2214241,-0.0516675,543.50,93.20,3.7,1.1,96042.7,-322,2021,569,10,39.93,8.09,5203
1,1,0,43.2214165,-0.0516704,543.18,92.32,3.2,1.1,96052.9,24,2401,239,10,39.93,8.10,5204
1,1,0,43.2214165,-0.0516734,542.72,92.32,2.6,1.1,96063.3,-93,2516,583,10,39.36,8.09,5205
1,1,0,43.2214165,-0.0516747,542.39,91.41,2.3,1.1,96063.3,-77,2274,624,10,39.58,8.10,5206
1,1,0,43.2214203,-0.0516746,542.26,91.41,1.9,1.1,96070.9,-161,2213,412,10,39.36,8.08,5207
1,1,0,43.2214241,-0.0516739,541.72,90.75,1.8,1.1,96070.9,-143,1918,515,10,39.58,8.09,5208
1,1,0,43.2214241,-0.0516721,541.30,90.04,1.9,1.1,96079.1,9,2177,407,10,39.58,8.09,5209
1,1,0,43.2214203,-0.0516686,540.43,90.04,2.1,1.1,96088.0,-147,2693,479,10,39.36,8.09,5210
1,1,0,43.2214203,-0.0516627,539.83,89.27,2.5,1.2,96088.0,-105,1819,559,10,39.24,8.09,5211
1,1,0,43.2214241,-0.0516572,539.65,89.27,2.6,1.1,96097.0,-121,2370,605,10,39.24,8.09,5212
1,1,0,43.2214241,-0.0516495,539.50,88.48,2.9,1.1,96097.0,-247,2060,373,10,39.58,8.09,5213
1,1,0,43.2214241,-0.0516408,539.23,87.61,3.3,1.1,96107.0,-83,2478,490,10,39.81,8.10,5214
1,1,0,43.2214165,-0.0516305,538.86,87.61,3.8,1.1,96117.1,-260,2043,560,10,39.58,8.09,5215
1,1,0,43.2214127,-0.0516208,538.28,86.74,4.2,1.2,96117.1,-125,2655,506,10,39.58,8.09,5216
1,1,0,43.2214012,-0.0516134,537.56,86.74,4.4,1.2,96129.5,-11,2252,392,10,39.58,8.09,5217
1,1,0,43.2213974,-0.0516073,536.80,85.66,4.5,1.2,96129.5,8,2212,593,10,39.02,8.09,5218
1,1,0,43.2213936,-0.0516012,536.27,84.76,4.4,1.2,96139.8,-135,2253,494,10,39.24,8.09,5219
1,1,0,43.2213898,-0.0515968,535.81,84.76,4.2,1.2,96148.6,-230,2151,383,10,39.02,8.09,5220
1,1,0,43.2213860,-0.0515945,535.44,84.00,3.8,1.2,96148.6,-131,1909,428,10,39.02,8.08,5221
1,1,0,43.2213821,-0.0515942,535.15,84.00,3.4,1.2,96160.5,-8,2168,513,10,39.24,8.09,5222
1,1,0,43.2213821,-0.0515961,534.70,82.96,2.8,1.2,96160.5,-43,2550,475,10,39.02,8.08,5223
1,1,0,43.2213783,-0.0515982,534.29,82.01,2.4,1.3,96171.5,-85,2388,549,10,39.24,8.10,5224
1,1,0,43.2213783,-0.0515980,533.77,82.01,2.0,1.3,96171.5,-89,2200,420,10,39.24,8.09,5225
1,1,0,43.2213860,-0.0515962,533.08,81.17,1.7,1.3,96181.2,-255,2058,553,10,39.58,8.09,5226
1,1,0,43.2213898,-0.0515927,532.43,81.17,1.6,1.3,96191.6,-169,2496,462,10,39.58,8.10,5227
1,1,0,43.2213936,-0.0515866,531.57,80.26,1.8,1.3,96191.6,-134,2431,334,10,39.02,8.09,5228
1,1,0,43.2213974,-0.0515768,531.14,79.27,2.3,1.3,96203.1,24,2324,517,10,39.58,8.09,5229
1,1,0,43.2214012,-0.0515659,530.63,79.27,2.8,1.4,96203.1,-140,2258,671,10,39.24,8.09,5230
1,1,0,43.2213974,-0.0515530,530.38,78.31,3.4,1.4,96214.1,-200,2544,459,9,39.24,8.09,5231
1,1,0,43.2213936,-0.0515441,529.86,78.31,3.6,1.4,96226.1,-206,2503,410,10,39.58,8.10,5232
1,1,0,43.2213936,-0.0515381,529.08,77.27,3.6,1.4,96226.1,-31,2314,563,10,39.36,8.08,5233
1,1,0,43.2213898,-0.0515332,528.28,77.27,3.4,1.4,96237.4,-188,2284,490,10,39.24,8.09,5234
1,1,0,43.2213898,-0.0515294,527.72,76.29,3.2,1.4,96237.4,-246,2478,482,10,39.93,8.09,5235
1,1,0,43.2213860,-0.0515278,527.20,75.30,2.8,1.4,96248.8,-64,2414,399,10,39.24,8.09,5236
1,1,0,43.2213860,-0.0515291,526.68,75.30,2.2,1.4,96261.3,-61,2405,465,10,39.58,8.09,5237
1,1,0,43.2213860,-0.0515319,526.35,74.21,1.6,1.4,96261.3,-58,2405,610,10,39.02,8.09,5238
1,1,0,43.2213898,-0.0515313,525.66,74.21,1.4,1.5,96273.0,-207,2536,569,10,39.58,8.09,5239
1,1,0,43.2213936,-0.0515281,524.89,73.20,1.4,1.5,96273.0,-225,2390,462,10,39.24,8.10,5240
1,1,0,43.2213936,-0.0515229,524.01,72.15,1.6,1.5,96285.0,-134,2236,467,10,38.90,8.09,5241
1,1,0,43.2214012,-0.0515158,523.50,72.15,2.0,1.5,96297.0,-25,2241,499,9,39.58,8.09,5242
1,1,0,43.2214012,-0.0515076,523.10,71.12,2.4,1.5,96297.0,-187,2384,512,9,39.24,8.10,5243
1,1,0,43.2214012,-0.0514989,522.68,71.12,2.8,1.5,96310.0,-200,2375,489,8,39.02,8.08,5244
1,1,0,43.2213974,-0.0514907,522.33,69.98,2.9,1.5,96310.0,-62,2378,384,8,38.68,8.08,5245
1,1,0,43.2213974,-0.0514819,521.83,68.89,3.1,1.5,96322.6,-130,2353,599,8,39.24,8.10,5246
1,1,0,43.2213936,-0.0514754,521.50,68.89,3.1,1.5,96334.7,-85,2369,544,9,39.24,8.09,5247
1,1,0,43.2213936,-0.0514728,521.12,67.84,2.8,1.5,96334.7,-200,2169,428,9,39.02,8.09,5248
1,1,0,43.2213936,-0.0514748,520.45,67.84,2.2,1.6,96345.8,-192,2168,436,9,39.24,8.09,5249
1,1,0,43.2213936,-0.0514755,519.89,66.88,1.8,1.6,96345.8,-133,2509,578,9,38.90,8.10,5250
1,1,0,43.2213936,-0.0514768,519.36,65.69,1.4,1.6,96359.5,102,2884,395,9,39.02,8.08,5251
1,1,0,43.2213936,-0.0514797,518.83,65.69,0.9,1.6,96370.5,-56,2329,495,10,38.90,8.10,5252
1,1,0,43.2213936,-0.0514818,518.40,64.74,0.6,1.6,96370.5,-42,1861,454,10,39.02,8.09,5253
1,1,0,43.2213936,-0.0514834,517.87,64.74,0.4,1.6,96377.4,-167,1883,403,10,39.24,8.09,5254
1,1,0,43.2213974,-0.0514853,517.35,64.15,0.3,1.6,96377.4,-210,2257,477,10,38.90,8.09,5255
1,1,0,43.2214012,-0.0514864,516.86,63.43,0.4,1.6,96385.6,-230,2063,393,10,39.24,8.10,5256
1,1,0,43.2214012,-0.0514860,516.19,63.43,0.5,1.6,96385.6,-112,1990,386,10,39.24,8.09,5257
1,1,0,43.2214050,-0.0514843,515.41,62.70,0.6,1.7,96394.0,-52,2050,442,10,39.24,8.10,5258
1,1,0,43.2214050,-0.0514808,514.98,62.70,0.9,1.7,96403.0,-5,2201,476,9,38.80,8.08,5259
1,1,0,43.2214088,-0.0514771,514.66,61.92,1.0,1.7,96403.0,-131,2181,270,8,39.24,8.10,5260
1,1,0,43.2214088,-0.0514726,514.32,61.14,1.2,1.7,96412.0,-163,2198,414,8,39.02,8.09,5261
1,1,0,43.2214088,-0.0514674,514.15,61.14,1.5,1.6,96412.0,-72,2067,458,9,38.90,8.10,5262
1,1,0,43.2214088,-0.0514603,513.91,60.29,1.9,1.6,96421.8,-150,2008,495,9,39.02,8.08,5263
1,1,0,43.2214088,-0.0514561,513.38,60.29,2.0,1.6,96433.4,-76,2350,369,9,39.02,8.09,5264
1,1,0,43.2214050,-0.0514539,512.75,59.29,1.9,1.6,96433.4,-112,2404,505,9,39.24,8.09,5265
1,1,0,43.2214012,-0.0514510,512.32,59.29,1.8,1.7,96444.0,-89,2339,540,10,39.24,8.10,5266
1,1,0,43.2213974,-0.0514503,511.86,58.37,1.6,1.7,96444.0,-128,2317,446,10,38.33,8.09,5267
1,1,0,43.2213974,-0.0514513,511.42,57.51,1.3,1.7,96453.9,-191,2185,523,10,39.02,8.09,5268
1,1,0,43.2213936,-0.0514536,510.95,57.51,1.0,1.7,96463.3,-64,2199,455,10,38.90,8.09,5269
1,1,0,43.2213936,-0.0514572,510.48,56.70,0.7,1.7,96463.3,-152,2031,404,10,38.90,8.10,5270
1,1,0,43.2213936,-0.0514611,510.04,56.70,0.6,1.7,96472.8,-149,2010,410,10,38.68,8.08,5271
1,1,0,43.2213936,-0.0514629,509.46,55.87,0.5,1.7,96472.8,-54,2125,393,10,38.90,8.10,5272
1,1,1,43.2213936,-0.0514618,508.81,54.90,0.3,1.7,96484.1,-62,2177,422,10,39.12,8.05,5273
1,1,1,43.2213974,-0.0514591,508.01,54.90,0.5,1.7,96496.7,-247,3733,461,10,38.90,8.09,5274
1,1,1,43.2213974,-0.0514559,507.44,53.80,0.7,1.7,96496.7,-219,2396,932,9,38.90,8.09,5275
1,1,1,43.2213974,-0.0514514,507.15,53.80,1.0,1.7,96507.4,-87,2672,318,10,38.90,8.08,5276
1,1,1,43.2213936,-0.0514452,506.87,52.87,1.5,1.7,96507.4,-88,2574,368,10,38.90,8.09,5277
1,1,1,43.2213936,-0.0514425,506.26,52.02,1.6,1.7,96517.3,-48,2442,425,10,38.90,8.09,5278
1,1,1,43.2213898,-0.0514413,505.50,52.02,1.6,1.7,96527.0,-15,2428,438,10,38.68,8.08,5279
1,1,1,43.2213860,-0.0514392,504.78,51.18,1.7,1.7,96527.0,-67,2351,483,10,38.90,8.09,5280
1,1,1,43.2213783,-0.0514384,504.16,51.18,1.7,1.8,96535.1,-150,2195,489,10,38.90,8.08,5281
1,1,1,43.2213745,-0.0514354,503.76,50.48,1.9,1.8,96535.1,-110,2086,444,10,38.68,8.08,5282
1,1,1,43.2213707,-0.0514321,503.30,49.80,2.0,1.8,96543.0,-23,1939,442,10,39.12,8.09,5283
1,1,1,43.2213631,-0.0514276,502.86,49.80,2.3,1.8,96551.0,-22,1955,462,10,38.90,8.09,5284
1,1,1,43.2213593,-0.0514219,502.39,49.10,2.5,1.8,96551.0,-107,2113,471,10,38.68,8.08,5285
1,1,1,43.2213554,-0.0514170,501.93,49.10,2.6,1.8,96558.7,-156,2002,430,10,38.55,8.08,5286
1,1,1,43.2213478,-0.0514114,501.51,48.44,2.8,1.8,96558.7,-163,1995,376,10,38.68,8.08,5287
1,1,1,43.2213402,-0.0514057,500.99,47.71,3.0,1.8,96567.0,-141,2149,346,10,38.33,8.08,5288
1,1,1,43.2213364,-0.0514027,500.45,47.71,3.0,1.8,96575.6,-71,2160,383,10,39.24,8.08,5289
1,1,1,43.2213326,-0.0514030,500.07,46.97,2.9,1.8,96575.6,-22,2048,390,10,38.68,8.08,5290
1,1,1,43.2213249,-0.0514032,499.61,46.97,2.9,1.8,96583.9,-61,2023,413,10,38.68,8.08,5291
1,1,1,43.2213173,-0.0514038,499.03,46.25,2.9,1.8,96583.9,-105,2086,472,10,38.55,8.08,5292
1,1,1,43.2213135,-0.0514058,498.43,45.59,2.9,1.8,96591.6,-138,1887,455,10,39.02,8.07,5293
1,1,1,43.2213058,-0.0514080,497.77,45.59,2.8,1.8,96591.6,-143,1873,379,10,38.55,8.09,5294
1,1,1,43.2213020,-0.0514108,497.03,44.88,2.7,1.8,96599.7,-65,2067,384,10,38.33,8.08,5295
1,1,1,43.2213020,-0.0514138,496.19,44.88,2.5,1.8,96609.1,-46,2029,431,10,38.33,8.08,5296
1,1,1,43.2213058,-0.0514175,495.38,44.07,2.1,1.8,96609.1,-52,1993,437,10,38.90,8.08,5297
1,1,1,43.2213058,-0.0514218,494.65,44.07,1.7,1.9,96618.3,-116,1984,441,10,38.33,8.08,5298
1,1,1,43.2213097,-0.0514287,493.92,43.28,1.3,1.9,96618.3,-128,2019,431,10,38.33,8.08,5299
1,1,1,43.2213135,-0.0514309,493.22,42.51,1.0,1.9,96627.2,-143,1956,433,10,38.55,8.08,5300
1,1,1,43.2213135,-0.0514309,492.37,42.51,0.7,1.9,96638.0,-65,2110,424,10,38.90,8.08,5301
1,1,1,43.2213135,-0.0514293,491.51,41.57,0.5,1.9,96638.0,-1,2267,432,10,39.24,8.09,5302
1,1,1,43.2213135,-0.0514274,490.80,41.57,0.3,1.9,96647.6,-67,2021,443,10,38.90,8.08,5303
1,1,1,43.2213135,-0.0514254,490.23,40.74,0.3,1.9,96647.6,-77,2038,445,10,38.68,8.08,5304
1,1,1,43.2213135,-0.0514216,489.70,39.92,0.5,1.9,96657.1,-119,2293,503,10,38.90,8.08,5305
1,1,1,43.2213173,-0.0514195,489.20,39.92,0.6,1.9,96665.6,-94,2028,459,10,38.55,8.09,5306
1,1,1,43.2213173,-0.0514171,488.75,39.18,0.7,1.9,96665.6,-58,2132,447,10,38.33,8.07,5307
1,1,1,43.2213173,-0.0514159,488.14,39.18,0.8,1.9,96673.3,-83,1870,393,10,37.99,8.08,5308
1,1,1,43.2213173,-0.0514134,487.61,38.52,0.9,1.9,96673.3,-153,2033,409,10,38.90,8.08,5309
1,1,1,43.2213173,-0.0514098,486.98,37.80,1.0,2.0,96681.6,-117,2038,407,10,38.55,8.08,5310
1,1,1,43.2213173,-0.0514051,486.37,37.80,1.2,2.0,96690.8,-45,1993,414,10,38.21,8.08,5311
1,1,1,43.2213173,-0.0513984,485.79,37.01,1.5,2.0,96690.8,-50,1950,432,10,38.21,8.08,5312
1,1,1,43.2213135,-0.0513930,485.26,37.01,1.7,2.0,96700.1,-87,2407,476,10,38.77,8.08,5313
1,1,1,43.2213135,-0.0513862,484.85,36.20,2.0,2.0,96700.1,-100,2226,466,10,38.33,8.08,5314
1,1,1,43.2213097,-0.0513791,484.33,35.49,2.2,2.0,96708.3,-119,2092,440,10,38.33,8.08,5315
1,1,1,43.2213058,-0.0513721,483.81,35.49,2.5,2.0,96716.3,-126,2216,454,10,38.33,8.08,5316
1,1,1,43.2213020,-0.0513658,483.19,34.80,2.6,2.0,96716.3,-110,2197,459,10,38.55,8.08,5317
1,1,1,43.2212982,-0.0513618,482.26,34.80,2.7,2.0,96723.9,-96,2219,441,10,38.33,8.08,5318
1,1,1,43.2212944,-0.0513588,481.52,34.15,2.6,2.0,96723.9,-71,2063,415,10,38.33,8.07,5319
1,1,1,43.2212906,-0.0513570,480.77,33.50,2.6,2.0,96731.3,-66,2062,440,10,38.21,8.08,5320
1,1,1,43.2212830,-0.0513580,480.07,33.50,2.5,2.0,96737.9,-128,2133,467,10,38.21,8.08,5321
1,1,1,43.2212753,-0.0513588,479.42,32.94,2.5,2.0,96737.9,-166,2236,482,10,38.68,8.08,5322
1,1,1,43.2212715,-0.0513594,478.91,32.94,2.5,2.0,96744.1,-184,1973,457,10,38.21,8.08,5323
1,1,1,43.2212677,-0.0513620,478.28,32.40,2.6,2.0,96744.1,-111,2013,476,10,38.77,8.09,5324
1,1,1,43.2212601,-0.0513636,477.79,31.78,2.6,2.0,96751.2,7,2097,443,10,38.55,8.07,5325
1,1,1,43.2212563,-0.0513676,477.26,31.78,2.4,2.0,96751.2,-61,1922,436,10,37.86,8.09,5326
1,1,1,43.2212563,-0.0513708,476.59,31.28,2.0,2.0,96757.0,-137,1829,368,10,38.33,8.07,5327
1,1,1,43.2212601,-0.0513743,476.01,31.28,1.6,2.0,96764.1,-193,2019,431,10,38.21,8.08,5328
1,1,1,43.2212601,-0.0513764,475.38,30.67,1.2,2.0,96764.1,-124,2123,391,10,38.55,8.08,5329
1,1,1,43.2212639,-0.0513762,474.59,29.97,0.8,2.1,96772.2,-56,2199,449,10,38.33,8.07,5330
1,1,1,43.2212677,-0.0513765,473.72,29.97,0.4,2.1,96772.2,1,2102,411,10,38.21,8.08,5331
1,1,1,43.2212715,-0.0513761,473.04,29.32,0.2,2.1,96779.8,-50,2128,435,9,38.33,8.08,5332
1,1,1,43.2212753,-0.0513740,472.41,29.32,0.6,2.1,96787.2,-80,1978,423,10,38.21,8.08,5333
1,1,1,43.2212791,-0.0513708,471.96,28.67,1.0,2.1,96787.2,-141,1979,453,10,37.99,8.07,5334
1,1,1,43.2212830,-0.0513656,471.56,28.67,1.6,2.1,96795.0,-77,2025,444,10,38.55,8.08,5335
1,1,1,43.2212868,-0.0513593,471.18,28.00,1.9,2.1,96795.0,-111,2457,490,10,38.21,8.09,5336
1,1,1,43.2212906,-0.0513535,470.70,27.32,2.2,2.1,96802.9,-73,2466,482,10,38.21,8.08,5337
1,1,1,43.2212944,-0.0513475,470.30,27.32,2.4,2.1,96807.8,-25,2076,470,10,38.21,8.09,5338
1,1,1,43.2212944,-0.0513406,469.88,26.89,2.6,2.1,96807.8,-99,2185,456,10,37.86,8.08,5339
1,1,1,43.2212944,-0.0513331,469.52,26.89,2.8,2.1,96811.2,-111,1965,430,10,38.68,8.08,5340
1,1,1,43.2212982,-0.0513236,469.04,26.61,3.1,2.1,96811.2,-170,2009,381,10,37.99,8.07,5341
1,1,1,43.2212982,-0.0513132,468.89,26.21,3.4,2.0,96815.7,-105,2054,354,10,38.55,8.08,5342
1,1,1,43.2212982,-0.0513048,468.40,26.21,3.5,2.0,96821.6,-40,2033,375,10,38.31,8.09,5343
1,1,1,43.2212982,-0.0512966,467.89,25.70,3.5,2.0,96821.6,-74,2202,408,10,38.09,8.09,5344
1,1,1,43.2212982,-0.0512896,467.26,25.70,3.4,2.0,96827.6,-137,2250,443,10,37.86,8.08,5345
1,1,1,43.2212982,-0.0512827,466.66,25.18,3.4,2.0,96827.6,-122,1907,410,10,37.77,8.07,5346
1,1,1,43.2212982,-0.0512761,466.10,24.72,3.3,2.0,96833.0,-97,2066,408,10,37.99,8.07,5347
1,1,1,43.2212982,-0.0512694,465.55,24.72,3.2,2.0,96838.9,-73,1971,444,10,37.64,8.07,5348
1,1,1,43.2212944,-0.0512629,465.01,24.21,3.2,2.1,96838.9,-134,2017,497,10,37.86,8.08,5349
1,1,1,43.2212944,-0.0512565,464.52,24.21,3.1,2.1,96844.2,-174,1854,406,10,37.86,8.08,5350
1,1,1,43.2212944,-0.0512508,463.86,23.75,3.1,2.1,96844.2,-126,1950,381,10,37.86,8.07,5351
1,1,1,43.2212906,-0.0512462,463.24,23.11,2.9,2.1,96851.7,-83,2163,392,10,37.86,8.09,5352
1,1,1,43.2212868,-0.0512406,462.88,23.11,2.9,2.1,96858.8,-42,2179,415,10,38.09,8.09,5353
1,1,1,43.2212830,-0.0512354,462.59,22.49,2.8,2.0,96858.8,-43,1945,383,10,37.86,8.08,5354
1,1,1,43.2212753,-0.0512312,462.27,22.49,2.7,2.0,96865.5,-99,1990,423,10,38.21,8.07,5355
1,1,1,43.2212753,-0.0512288,461.95,21.91,2.5,2.0,96865.5,-154,2049,428,10,38.21,8.08,5356
1,1,1,43.2212715,-0.0512295,461.66,21.22,2.2,2.0,96873.5,-129,2016,422,10,38.21,8.08,5357
1,1,1,43.2212677,-0.0512295,461.10,21.22,2.0,2.0,96873.5,-62,2083,431,10,37.86,8.08,5358
1,1,1,43.2212677,-0.0512295,460.58,20.46,1.8,2.0,96882.3,-36,2068,444,10,38.21,8.08,5359
1,1,1,43.2212677,-0.0512306,460.07,20.46,1.5,2.0,96889.8,-97,1817,392,10,37.86,8.08,5360
1,1,1,43.2212677,-0.0512327,459.45,19.81,1.2,2.0,96889.8,-81,1867,394,10,37.99,8.07,5361
1,1,1,43.2212677,-0.0512370,458.89,19.07,0.8,2.0,96898.4,-65,1789,363,10,38.21,8.08,5362
1,1,1,43.2212753,-0.0512408,458.43,19.07,0.4,2.0,96898.4,-103,2295,486,10,37.86,8.08,5363
1,1,1,43.2212753,-0.0512420,457.96,18.23,0.2,2.0,96908.1,-110,2643,499,10,37.86,8.08,5364
1,1,1,43.2212753,-0.0512442,457.60,18.23,0.1,2.0,96917.1,-65,2369,459,10,37.64,8.07,5365
1,1,1,43.2212753,-0.0512452,457.22,17.46,0.1,2.0,96917.1,12,2007,385,10,37.86,8.07,5366
1,1,1,43.2212753,-0.0512467,456.72,17.46,0.3,2.0,96924.6,-67,2426,387,10,37.86,8.08,5367
1,1,1,43.2212715,-0.0512481,456.23,16.81,0.4,2.0,96924.6,-139,2219,423,10,37.86,8.08,5368
1,1,1,43.2212639,-0.0512496,455.75,16.29,0.8,2.0,96930.6,-167,1817,392,10,38.21,8.08,5369
1,1,1,43.2212601,-0.0512524,455.33,16.29,1.0,2.0,96936.6,-155,2119,470,10,37.64,8.07,5370
1,1,1,43.2212601,-0.0512521,454.92,15.77,0.9,2.0,96936.6,-253,2482,339,10,37.52,8.08,5371
1,1,1,43.2212601,-0.0512514,454.54,15.77,0.8,2.0,96943.1,-85,1973,332,10,37.52,8.08,5372
1,1,1,43.2212563,-0.0512496,454.21,15.21,0.6,2.0,96943.1,8,2014,377,10,37.30,8.07,5373
1,1,1,43.2212563,-0.0512494,453.87,14.67,0.5,2.0,96949.4,-8,1973,370,10,37.52,8.08,5374
1,1,1,43.2212563,-0.0512503,453.71,14.67,0.4,2.0,96955.2,-175,2012,400,10,37.30,8.07,5375
1,1,1,43.2212563,-0.0512518,453.35,14.17,0.3,2.0,96955.2,-182,2163,474,10,37.52,8.08,5376
1,1,1,43.2212601,-0.0512553,453.03,14.17,0.4,2.0,96961.2,-156,2142,383,10,37.74,8.08,5377
1,1,1,43.2212601,-0.0512574,452.58,13.65,0.4,2.0,96961.2,-133,2109,297,10,37.30,8.08,5378
1,1,1,43.2212639,-0.0512567,452.14,13.16,0.4,2.0,96966.8,-45,1938,342,10,37.86,8.07,5379
1,1,1,43.2212639,-0.0512549,451.85,13.16,0.6,2.0,96973.5,4,2155,421,10,37.86,8.08,5380
1,1,1,43.2212677,-0.0512513,451.57,12.59,0.8,2.0,96973.5,-44,2143,433,10,37.52,8.08,5381
1,1,1,43.2212715,-0.0512452,451.11,12.59,1.1,2.0,96978.7,-129,2024,432,10,37.86,8.09,5382
1,1,1,43.2212715,-0.0512394,450.75,12.14,1.2,2.0,96978.7,-147,1875,429,10,37.52,8.08,5383
1,1,1,43.2212715,-0.0512309,450.36,11.64,1.5,2.0,96984.6,-107,2088,376,10,37.52,8.08,5384
1,1,1,43.2212677,-0.0512227,450.00,11.64,1.7,2.0,96992.2,-100,2036,348,10,37.30,8.07,5385
1,1,1,43.2212677,-0.0512171,449.47,10.98,1.8,2.0,96992.2,-66,1767,410,10,37.74,8.09,5386
1,1,1,43.2212677,-0.0512127,448.86,10.98,1.8,2.0,97000.8,-34,2331,440,10,37.86,8.08,5387
1,1,1,43.2212639,-0.0512089,448.33,10.23,1.8,2.0,97000.8,-215,2117,466,10,37.74,8.09,5388
1,1,1,43.2212601,-0.0512043,447.88,9.55,1.8,2.0,97008.8,-187,2611,606,10,38.09,8.08,5389
1,1,1,43.2212563,-0.0512001,447.42,9.55,1.9,2.0,97008.8,-216,2757,563,10,37.52,8.08,5390
1,1,1,43.2212563,-0.0511967,446.93,9.17,1.9,2.0,97013.2,-131,2089,504,10,37.52,8.08,5391
1,1,1,43.2212524,-0.0511933,446.50,9.17,1.9,2.0,97015.1,-137,1902,429,10,37.30,8.07,5392
1,1,1,43.2212486,-0.0511905,446.04,9.00,1.9,2.0,97015.1,-126,1984,414,10,37.52,8.08,5393
1,1,1,43.2212448,-0.0511882,445.61,8.79,1.9,2.0,97017.5,-176,2246,398,10,37.42,8.06,5394
1,1,1,43.2212372,-0.0511879,445.09,8.79,1.8,2.0,97017.5,-124,1716,385,10,37.74,8.08,5395
1,1,1,43.2212334,-0.0511890,444.77,8.52,1.7,2.0,97020.7,-22,2028,405,10,37.74,8.09,5396
1,1,1,43.2212296,-0.0511905,444.42,8.52,1.7,2.0,97024.2,-59,2030,406,10,37.18,8.08,5397
1,1,1,43.2212257,-0.0511918,443.98,8.21,1.7,2.0,97024.2,-104,1922,392,10,37.74,8.08,5398
1,1,1,43.2212219,-0.0511938,443.57,8.21,1.6,2.0,97028.0,-99,1814,394,10,37.52,8.08,5399
1,1,1,43.2212181,-0.0511966,443.21,7.89,1.7,2.0,97028.0,-63,1851,393,10,37.74,8.09,5400
1,1,1,43.2212143,-0.0511988,442.85,7.43,1.6,2.0,97033.3,-63,1785,396,10,37.30,8.07,5401
1,1,1,43.2212143,-0.0512006,442.35,7.43,1.7,2.0,97039.8,-77,1804,388,10,37.18,8.08,5402
1,1,1,43.2212105,-0.0512042,441.82,6.88,1.7,2.0,97039.8,-103,1880,420,10,37.52,8.08,5403
1,1,1,43.2212067,-0.0512066,441.32,6.88,1.7,2.0,97047.5,-104,1954,433,10,37.30,8.07,5404
1,1,1,43.2212029,-0.0512110,440.85,6.20,1.7,2.0,97047.5,-99,1876,411,10,37.52,8.08,5405
1,1,1,43.2211990,-0.0512152,440.39,5.49,1.8,2.0,97055.8,-44,2042,443,10,37.18,8.08,5406
1,1,1,43.2211990,-0.0512195,439.89,5.49,1.8,2.0,97064.1,-102,2037,427,10,37.18,8.07,5407
1,1,1,43.2211952,-0.0512249,439.36,4.77,1.8,2.0,97064.1,-100,2170,482,10,36.83,8.08,5408
1,1,1,43.2211952,-0.0512312,438.92,4.77,1.9,2.0,97071.3,-114,2197,454,10,37.05,8.08,5409
1,1,1,43.2211952,-0.0512368,438.49,4.16,1.9,2.0,97071.3,-109,1948,425,10,36.96,8.08,5410
1,1,1,43.2211914,-0.0512431,438.07,3.56,2.1,2.0,97078.2,-111,2267,473,10,37.18,8.08,5411
1,1,1,43.2211876,-0.0512484,437.65,3.56,2.2,2.0,97084.9,-84,2025,438,10,36.83,8.08,5412
1,1,1,43.2211838,-0.0512508,437.22,2.98,2.1,2.0,97084.9,-89,1860,440,10,37.27,8.09,5413
1,1,1,43.2211761,-0.0512508,436.98,2.98,2.1,2.0,97092.2,-94,1892,419,10,37.18,8.08,5414
1,1,1,43.2211761,-0.0512518,436.67,2.35,2.1,2.0,97092.2,-151,2351,460,10,37.74,8.08,5415
1,1,1,43.2211685,-0.0512509,436.33,1.74,2.1,2.0,97099.3,-154,2135,430,10,37.18,8.08,5416
1,1,1,43.2211647,-0.0512511,436.07,1.74,2.1,2.0,97106.3,-110,2032,382,10,37.52,8.08,5417
1,1,1,43.2211609,-0.0512529,435.76,1.14,2.1,2.0,97106.3,-46,2340,427,10,37.18,8.08,5418
1,1,1,43.2211571,-0.0512568,435.42,1.14,2.1,2.0,97112.3,-45,2125,434,10,36.83,8.07,5419
1,1,1,43.2211571,-0.0512612,435.14,0.62,2.1,2.0,97112.3,-73,2113,442,10,36.61,8.07,5420
1,1,1,43.2211571,-0.0512655,434.79,0.20,2.0,1.9,97117.2,-86,2116,443,10,37.18,8.08,5421
1,1,1,43.2211571,-0.0512736,434.70,0.20,1.9,1.9,97117.2,-88,1977,420,10,36.39,8.07,5422
1,1,1,43.2211571,-0.0512786,434.39,-0.21,1.8,1.9,97122.0,-39,2085,407,10,36.83,8.08,5423
1,1,1,43.2211533,-0.0512812,434.18,-0.21,1.7,1.9,97127.0,-56,1934,393,10,37.18,8.08,5424
1,1,1,43.2211533,-0.0512847,433.91,-0.64,1.6,1.9,97127.0,-70,1882,397,10,37.18,8.08,5425
1,1,1,43.2211533,-0.0512889,433.51,-1.10,1.7,1.9,97132.3,-142,1981,415,10,36.83,8.08,5426
1,1,1,43.2211494,-0.0512950,433.15,-1.10,1.8,1.9,97132.3,-135,2055,424,10,36.83,8.08,5427
1,1,1,43.2211494,-0.0512990,432.94,-1.59,1.8,1.9,97138.0,-8694,3542,6150,10,36.83,8.08,5428
1,1,1,43.2211456,-0.0513019,432.84,-1.59,1.7,1.9,97139.0,-1027,3388,281,10,36.83,8.08,5429
1,1,1,43.2211456,-0.0513024,432.60,-1.67,1.5,1.9,97139.0,-1178,1672,340,10,36.83,8.08,5430
1,1,1,43.2211456,-0.0513031,432.35,-1.67,1.3,1.9,97139.0,-1199,1762,282,10,37.18,8.08,5431
1,1,1,43.2211456,-0.0513043,432.08,-1.68,1.2,1.9,97139.0,-1183,1681,334,10,36.83,8.08,5432
1,1,1,43.2211456,-0.0513045,431.83,-1.68,1.0,1.9,97139.1,-1179,1671,325,10,36.83,8.08,5433
1,1,1,43.2211456,-0.0513054,431.57,-1.68,0.9,1.9,97139.1,-1184,1675,321,10,36.49,8.08,5434
1,1,1,43.2211418,-0.0513066,431.32,-1.69,0.8,1.9,97139.1,-1181,1674,325,10,37.40,8.08,5435
1,1,1,43.2211418,-0.0513079,431.03,-1.69,0.8,1.9,97139.2,-1180,1673,319,10,36.83,8.08,5436
1,1,1,43.2211418,-0.0513087,430.75,-1.70,0.7,1.9,97139.2,-1178,1673,323,10,37.27,8.09,5437
1,1,1,43.2211418,-0.0513092,430.47,-1.70,0.6,1.8,97139.2,-1180,1672,320,10,36.71,8.08,5438
1,1,1,43.2211418,-0.0513097,430.18,-1.70,0.6,1.8,97139.3,-1181,1670,319,10,36.83,8.07,5439
1,1,1,43.2211418,-0.0513110,429.89,-1.70,0.6,1.8,97139.3,-1179,1672,318,10,36.83,8.08,5440
1,1,1,43.2211456,-0.0513104,429.59,-1.70,0.5,1.8,97139.1,-1183,1677,319,10,37.18,8.08,5441
1,1,1,43.2211456,-0.0513103,429.29,-1.69,0.4,1.8,97139.1,-1185,1676,319,10,36.39,8.07,5442
1,1,1,43.2211456,-0.0513108,429.04,-1.70,0.4,1.8,97139.2,-1178,1671,320,10,36.83,8.08,5443
1,1,1,43.2211456,-0.0513115,428.78,-1.70,0.4,1.8,97139.4,-1182,1669,318,10,36.83,8.08,5444
1,1,1,43.2211456,-0.0513113,428.51,-1.71,0.4,1.8,97139.4,-1178,1675,323,10,37.05,8.08,5445
1,1,1,43.2211456,-0.0513118,428.22,-1.71,0.4,1.8,97139.4,-1180,1671,320,10,37.05,8.08,5446
1,1,1,43.2211456,-0.0513133,427.93,-1.71,0.4,1.8,97139.4,-1178,1675,320,10,37.18,8.08,5447
1,1,1,43.2211456,-0.0513130,427.65,-1.73,0.3,1.8,97139.6,-1179,1674,323,10,36.49,8.08,5448
1,1,1,43.2211456,-0.0513123,427.36,-1.73,0.3,1.8,97139.6,-1181,1674,321,10,36.49,8.08,5449
1,1,1,43.2211456,-0.0513122,427.08,-1.73,0.2,1.8,97139.6,-1179,1675,317,10,36.39,8.06,5450
1,1,1,43.2211456,-0.0513132,426.78,-1.73,0.2,1.8,97139.7,-1182,1676,318,10,36.39,8.06,5451
1,1,1,43.2211456,-0.0513149,426.54,-1.74,0.3,1.8,97139.7,-1178,1672,317,10,36.49,8.08,5452
1,1,1,43.2211456,-0.0513156,426.28,-1.73,0.4,1.8,97139.6,-1182,1671,318,10,36.61,8.07,5453
1,1,1,43.2211456,-0.0513150,426.01,-1.73,0.3,1.8,97139.8,-1182,1674,323,10,36.83,8.08,5454
1,1,1,43.2211456,-0.0513149,425.71,-1.75,0.3,1.8,97139.8,-1180,1674,316,10,36.83,8.08,5455
1,1,1,43.2211456,-0.0513151,425.44,-1.75,0.3,1.8,97139.8,-1184,1673,323,10,36.27,8.07,5456
1,1,1,43.2211456,-0.0513174,425.16,-1.74,0.4,1.8,97139.8,-1177,1671,317,10,36.83,8.08,5457
1,1,1,43.2211456,-0.0513189,424.89,-1.74,0.4,1.8,97139.7,-1182,1675,318,10,36.49,8.09,5458
1,1,1,43.2211456,-0.0513202,424.64,-1.74,0.4,1.8,97139.7,-1182,1673,315,10,37.40,8.08,5459
1,1,1,43.2211494,-0.0513208,424.39,-1.75,0.5,1.8,97139.8,-1185,1674,317,10,36.39,8.07,5460
1,1,1,43.2211494,-0.0513212,424.13,-1.75,0.4,1.8,97139.8,-1182,1675,317,10,36.71,8.08,5461
1,1,1,43.2211456,-0.0513214,423.85,-1.75,0.4,1.8,97139.8,-1180,1675,320,10,36.49,8.08,5462
1,1,1,43.2211456,-0.0513207,423.61,-1.74,0.3,1.8,97139.8,-1187,1674,319,10,36.83,8.08,5463
1,1,1,43.2211456,-0.0513209,423.33,-1.74,0.3,1.8,97139.8,-1181,1674,314,10,36.61,8.07,5464
1,1,1,43.2211456,-0.0513222,423.07,-1.74,0.3,1.7,97139.8,-1178,1674,318,10,36.27,8.07,5465
1,1,1,43.2211456,-0.0513228,422.82,-1.74,0.4,1.7,97139.8,-1179,1678,316,10,36.39,8.07,5466
1,1,1,43.2211456,-0.0513243,422.57,-1.75,0.4,1.7,97139.8,-1181,1672,315,10,36.49,8.08,5467
1,1,1,43.2211456,-0.0513242,422.31,-1.75,0.3,1.7,97140.0,-1185,1672,319,10,36.83,8.08,5468
1,1,1,43.2211456,-0.0513239,422.08,-1.76,0.3,1.7,97140.0,-1184,1671,316,10,36.93,8.09,5469
1,1,1,43.2211456,-0.0513250,421.81,-1.76,0.4,1.7,97140.0,-1182,1673,314,10,36.83,8.08,5470
1,1,1,43.2211494,-0.0513276,421.53,-1.76,0.4,1.7,97140.1,-1178,1671,319,10,36.49,8.08,5471
1,1,1,43.2211494,-0.0513296,421.27,-1.77,0.5,1.7,97140.1,-1179,1672,315,10,36.61,8.07,5472
1,1,1,43.2211494,-0.0513308,421.02,-1.77,0.5,1.7,97139.9,-1183,1673,320,10,36.71,8.08,5473
1,1,1,43.2211494,-0.0513308,420.80,-1.75,0.5,1.7,97139.9,-1180,1671,315,10,36.49,8.08,5474
1,1,1,43.2211494,-0.0513312,420.51,-1.76,0.5,1.7,97139.9,-1182,1674,319,10,36.27,8.07,5475
1,1,1,43.2211494,-0.0513311,420.23,-1.76,0.4,1.7,97140.0,-1184,1674,316,10,36.61,8.07,5476
1,1,1,43.2211494,-0.0513300,419.97,-1.77,0.4,1.7,97140.0,-1184,1672,315,10,36.83,8.08,5477
1,1,1,43.2211494,-0.0513298,419.73,-1.77,0.3,1.7,97140.0,-1183,1673,321,10,36.83,8.08,5478
1,1,1,43.2211494,-0.0513315,419.47,-1.76,0.4,1.7,97140.0,-1185,1676,319,10,37.05,8.08,5479
1,1,1,43.2211494,-0.0513316,419.22,-1.75,0.4,1.7,97139.8,-1179,1672,309,10,36.49,8.08,5480
1,1,1,43.2211494,-0.0513318,418.98,-1.75,0.3,1.7,97140.0,-1180,1675,320,10,36.83,8.08,5481
1,1,1,43.2211494,-0.0513310,418.76,-1.76,0.3,1.7,97140.0,-1180,1670,314,10,36.49,8.08,5482
1,1,1,43.2211494,-0.0513309,418.55,-1.76,0.3,1.7,97139.9,-1182,1670,315,10,37.05,8.08,5483
1,1,1,43.2211494,-0.0513318,418.35,-1.76,0.3,1.7,97139.9,-1178,1673,314,10,37.05,8.08,5484
1,1,1,43.2211494,-0.0513319,418.14,-1.76,0.3,1.7,97139.9,-1184,1675,316,10,36.71,8.08,5485
1,1,1,43.2211494,-0.0513314,417.91,-1.76,0.3,1.7,97140.0,-1181,1671,320,10,36.83,8.08,5486
1,1,1,43.2211456,-0.0513324,417.65,-1.76,0.2,1.7,97140.0,-1179,1671,320,10,36.83,8.08,5487
1,1,1,43.2211456,-0.0513325,417.40,-1.76,0.2,1.7,97140.1,-1185,1674,316,10,36.49,8.08,5488
1,1,1,43.2211456,-0.0513330,417.17,-1.78,0.2,1.7,97140.1,-1185,1673,314,10,37.05,8.08,5489
1,1,1,43.2211456,-0.0513325,416.96,-1.76,0.2,1.7,97140.0,-1181,1673,315,10,36.49,8.08,5490
1,1,1,43.2211456,-0.0513318,416.71,-1.76,0.2,1.7,97140.0,-1179,1677,317,10,36.61,8.07,5491
1,1,1,43.2211456,-0.0513320,416.49,-1.77,0.2,1.7,97140.1,-1184,1673,320,10,36.49,8.07,5492
1,1,1,43.2211456,-0.0513324,416.30,-1.77,0.2,1.6,97140.0,-1181,1675,318,10,36.49,8.08,5493
1,1,1,43.2211456,-0.0513321,416.08,-1.76,0.2,1.6,97140.0,-1183,1676,318,10,36.83,8.08,5494
1,1,1,43.2211456,-0.0513305,415.86,-1.77,0.2,1.6,97140.1,-1180,1672,315,10,36.83,8.07,5495
1,1,1,43.2211456,-0.0513305,415.66,-1.77,0.2,1.6,97140.1,-1179,1672,323,10,36.83,8.08,5496
1,1,1,43.2211494,-0.0513304,415.44,-1.76,0.2,1.6,97140.0,-1181,1674,318,10,36.83,8.08,5497
1,1,1,43.2211494,-0.0513298,415.25,-1.76,0.2,1.6,97140.0,-1184,1672,310,10,36.49,8.09,5498
1,1,1,43.2211494,-0.0513297,415.05,-1.76,0.2,1.6,97140.0,-1186,1673,316,10,36.49,8.08,5499
1,1,1,43.2211494,-0.0513299,414.88,-1.76,0.2,1.6,97140.0,-1184,1670,312,10,36.83,8.08,5500
1,1,1,43.2211494,-0.0513308,414.67,-1.76,0.2,1.6,97140.0,-1179,1674,318,10,37.05,8.08,5501
1,1,1,43.2211494,-0.0513315,414.47,-1.77,0.2,1.6,97140.1,-1182,1671,318,10,36.71,8.08,5502
1,1,1,43.2211494,-0.0513309,414.30,-1.77,0.2,1.6,97140.0,-1185,1676,314,10,36.83,8.08,5503
1,1,1,43.2211494,-0.0513310,414.13,-1.76,0.2,1.6,97140.0,-1185,1678,318,10,36.49,8.08,5504
1,1,1,43.2211533,-0.0513327,413.96,-1.76,0.3,1.6,97140.1,-1187,1669,320,10,36.49,8.08,5505
1,1,1,43.2211533,-0.0513336,413.81,-1.77,0.4,1.6,97140.1,-1185,1672,316,10,36.83,8.08,5506
1,1,1,43.2211533,-0.0513346,413.64,-1.77,0.4,1.6,97140.0,-1185,1670,320,10,37.05,8.08,5507
1,1,1,43.2211533,-0.0513342,413.45,-1.77,0.3,1.6,97140.1,-1184,1671,318,10,36.49,8.07,5508
1,1,1,43.2211533,-0.0513336,413.27,-1.77,0.1,1.6,97140.1,-1185,1676,315,10,36.27,8.07,5509
1,1,1,43.2211533,-0.0513320,413.15,-1.77,0.2,1.6,97140.1,-1182,1674,316,10,36.61,8.08,5510
1,1,1,43.2211533,-0.0513324,413.02,-1.77,0.2,1.6,97140.1,-1182,1674,317,10,37.18,8.07,5511
1,1,1,43.2211533,-0.0513322,412.88,-1.78,0.1,1.5,97140.2,-1181,1670,313,10,36.49,8.08,5512
1,1,1,43.2211494,-0.0513300,412.73,-1.78,0.2,1.5,97140.2,-1183,1675,319,10,37.40,8.08,5513
1,1,1,43.2211494,-0.0513293,412.61,-1.79,0.2,1.5,97140.2,-1186,1673,322,10,36.61,8.07,5514
1,1,1,43.2211494,-0.0513296,412.45,-1.79,0.1,1.5,97140.2,-1180,1674,317,10,37.05,8.08,5515
1,1,1,43.2211494,-0.0513287,412.34,-1.78,0.0,1.5,97140.2,-1179,1672,323,10,36.83,8.08,5516
1,1,1,43.2211494,-0.0513299,412.18,-1.78,0.1,1.4,97140.2,-1183,1673,313,10,36.49,8.08,5517
1,1,1,43.2211456,-0.0513287,412.01,-1.78,0.2,1.4,97140.1,-1182,1675,316,10,36.27,8.07,5518
1,1,1,43.2211456,-0.0513278,411.91,-1.77,0.3,1.4,97140.1,-1183,1673,317,10,36.49,8.08,5519
1,1,1,43.2211456,-0.0513269,411.82,-1.77,0.3,1.4,97140.2,-1182,1674,313,10,36.83,8.08,5520
1,1,1,43.2211456,-0.0513265,411.75,-1.79,0.2,1.3,97140.2,-1184,1677,316,10,36.83,8.07,5521
1,1,1,43.2211456,-0.0513271,411.72,-1.79,0.1,1.3,97140.2,-1185,1670,311,10,36.83,8.08,5522
1,1,1,43.2211456,-0.0513277,411.64,-1.79,0.1,1.2,97140.2,-1181,1676,315,10,36.83,8.08,5523
1,1,1,43.2211456,-0.0513295,411.58,-1.79,0.3,1.2,97140.2,-1184,1676,317,10,37.40,8.08,5524
1,1,1,43.2211456,-0.0513295,411.57,-1.79,0.4,1.2,97140.2,-1183,1672,321,10,36.83,8.07,5525
1,1,1,43.2211456,-0.0513290,411.55,-1.78,0.5,1.1,97140.2,-1185,1670,317,10,36.49,8.08,5526
1,1,1,43.2211494,-0.0513296,411.45,-1.79,0.5,1.1,97140.3,-1186,1671,315,10,36.49,8.08,5527
1,1,1,43.2211494,-0.0513300,411.41,-1.79,0.5,1.1,97140.3,-1183,1673,319,10,37.05,8.08,5528
1,1,1,43.2211494,-0.0513296,411.40,-1.80,0.4,1.0,97140.4,-1186,1672,311,10,36.83,8.08,5529
1,1,1,43.2211494,-0.0513288,411.34,-1.80,0.3,1.0,97140.4,-1181,1675,317,10,36.27,8.07,5530
1,1,1,43.2211494,-0.0513289,411.34,-1.79,0.4,1.0,97140.4,-1187,1674,317,10,36.83,8.08,5531
1,1,1,43.2211494,-0.0513281,411.35,-1.79,0.4,1.0,97140.4,-1186,1669,318,10,36.83,8.08,5532
1,1,1,43.2211494,-0.0513258,411.35,-1.80,0.3,0.9,97140.4,-1185,1670,317,10,36.49,8.08,5533
1,1,1,43.2211494,-0.0513252,411.24,-1.79,0.2,0.9,97140.3,-1185,1668,319,10,36.83,8.07,5534
1,1,1,43.2211456,-0.0513242,411.20,-1.79,0.2,0.9,97140.3,-1184,1670,320,10,37.40,8.08,5535
1,1,1,43.2211456,-0.0513227,411.18,-1.79,0.3,0.9,97140.3,-1183,1672,315,10,36.49,8.08,5536
1,1,1,43.2211456,-0.0513223,411.16,-1.79,0.2,0.9,97140.5,-1186,1673,316,10,36.27,8.07,5537
1,1,1,43.2211456,-0.0513210,411.17,-1.80,0.3,0.8,97140.5,-1185,1670,312,10,36.83,8.08,5538
1,1,1,43.2211456,-0.0513206,411.19,-1.81,0.2,0.8,97140.5,-1181,1671,316,10,37.05,8.08,5539
1,1,1,43.2211418,-0.0513210,411.21,-1.81,0.2,0.8,97140.6,-1180,1675,318,10,36.83,8.08,5540
1,1,1,43.2211418,-0.0513203,411.31,-1.81,0.3,0.7,97140.6,-1186,1672,317,10,37.18,8.07,5541
1,1,1,43.2211418,-0.0513207,411.26,-1.81,0.2,0.7,97140.6,-1185,1675,312,10,36.71,8.09,5542
1,1,1,43.2211418,-0.0513206,411.21,-1.81,0.1,0.7,97140.6,-1185,1679,315,10,36.83,8.07,5543
1,1,1,43.2211418,-0.0513183,411.23,-1.82,0.2,0.7,97140.7,-1184,1674,318,10,36.83,8.08,5544
1,1,1,43.2211380,-0.0513161,411.25,-1.82,0.3,0.7,97140.6,-1189,1675,316,10,36.83,8.08,5545
1,1,1,43.2211418,-0.0513173,411.33,-1.82,0.1,0.6,97140.6,-1182,1673,316,10,37.40,8.08,5546
1,1,1,43.2211418,-0.0513174,411.37,-1.82,0.2,0.6,97140.8,-1186,1673,316,10,36.83,8.08,5547
1,1,1,43.2211418,-0.0513177,411.33,-1.83,0.1,0.6,97140.8,-1188,1674,315,10,37.05,8.09,5548
1,1,1,43.2211380,-0.0513171,411.39,-1.82,0.1,0.6,97140.7,-1187,1672,315,10,36.83,8.08,5549
1,1,1,43.2211380,-0.0513175,411.49,-1.82,0.1,0.5,97140.9,-1184,1673,315,10,36.83,8.08,5550
1,1,1,43.2211380,-0.0513178,411.55,-1.84,0.1,0.5,97140.9,-1186,1676,316,10,36.83,8.08,5551
1,1,1,43.2211380,-0.0513166,411.59,-1.84,0.1,0.5,97140.8,-1183,1675,320,10,37.18,8.08,5552
1,1,1,43.2211342,-0.0513168,411.59,-1.83,0.1,0.5,97140.8,-1184,1672,313,10,36.83,8.08,5553
1,1,1,43.2211380,-0.0513177,411.68,-1.83,0.2,0.4,97140.7,-1184,1673,319,10,37.18,8.08,5554
1,1,1,43.2211380,-0.0513158,411.78,-1.83,0.3,0.4,97140.7,-1187,1670,315,10,36.83,8.08,5555
1,1,1,43.2211380,-0.0513150,411.94,-1.80,0.4,0.4,97140.5,-1189,1667,323,10,36.83,8.08,5556
1,1,1,43.2211380,-0.0513165,412.00,-1.80,0.3,0.4,97140.4,-1187,1670,310,10,37.40,8.09,5557
1,1,1,43.2211380,-0.0513168,412.07,-1.80,0.2,0.3,97140.4,-1184,1670,317,10,36.96,8.07,5558
1,1,1,43.2211380,-0.0513177,412.13,-1.81,0.3,0.3,97140.6,-1184,1671,313,10,36.61,8.07,5559
1,1,1,43.2211380,-0.0513170,412.19,-1.81,0.3,0.3,97140.6,-1187,1673,315,10,36.83,8.08,5560
1,1,1,43.2211380,-0.0513160,412.23,-1.81,0.1,0.3,97140.5,-1187,1669,316,10,36.61,8.07,5561
1,1,1,43.2211342,-0.0513160,412.32,-1.81,0.1,0.3,97140.5,-1188,1670,316,10,36.96,8.07,5562
1,1,1,43.2211342,-0.0513165,412.41,-1.81,0.2,0.3,97140.5,-1187,1669,311,10,36.83,8.08,5563
1,1,1,43.2211342,-0.0513177,412.47,-1.81,0.2,0.2,97140.5,-1184,1674,322,10,36.83,8.08,5564
1,1,1,43.2211342,-0.0513173,412.57,-1.80,0.2,0.2,97140.5,-1184,1673,320,10,37.18,8.08,5565
1,1,1,43.2211342,-0.0513145,412.58,-1.81,0.1,0.2,97140.5,-1184,1669,316,10,37.62,8.09,5566
1,1,1,43.2211342,-0.0513121,412.59,-1.81,0.3,0.3,97140.6,-1186,1670,312,10,36.83,8.08,5567
1,1,1,43.2211342,-0.0513102,412.58,-1.82,0.5,0.3,97140.6,-1185,1672,316,10,36.83,8.07,5568
1,1,1,43.2211304,-0.0513087,412.64,-1.82,0.5,0.3,97140.5,-1185,1676,319,10,37.18,8.08,5569
1,1,1,43.2211304,-0.0513072,412.74,-1.81,0.5,0.2,97140.5,-1183,1670,317,10,37.52,8.08,5570
1,1,1,43.2211304,-0.0513078,412.82,-1.82,0.2,0.2,97140.6,-1190,1671,319,10,37.05,8.08,5571
1,1,1,43.2211304,-0.0513073,412.90,-1.82,0.2,0.2,97140.6,-1188,1672,314,10,36.83,8.08,5572
1,1,1,43.2211304,-0.0513065,412.95,-1.82,0.2,0.2,97140.6,-1189,1674,317,10,37.18,8.08,5573
1,1,1,43.2211304,-0.0513062,413.07,-1.82,0.1,0.2,97140.3,-1183,1673,308,10,36.83,8.08,5574
1,1,1,43.2211266,-0.0513063,413.12,-1.79,0.1,0.2,97140.3,-1186,1673,320,10,36.83,8.08,5575
1,1,1,43.2211266,-0.0513079,413.14,-1.79,0.1,0.2,97140.4,-1184,1672,317,10,37.52,8.08,5576
1,1,1,43.2211266,-0.0513063,413.29,-1.79,0.2,0.2,97140.3,-1184,1672,316,10,37.18,8.08,5577
1,1,1,43.2211266,-0.0513059,413.38,-1.79,0.2,0.1,97140.3,-1185,1674,316,10,36.83,8.08,5578
1,1,1,43.2211227,-0.0513053,413.47,-1.79,0.1,0.1,97140.2,-1185,1673,311,10,36.83,8.07,5579
1,1,1,43.2211227,-0.0513039,413.63,-1.78,0.2,0.1,97140.2,-1183,1672,317,10,36.61,8.07,5580
1,1,1,43.2211227,-0.0513027,413.70,-1.78,0.2,0.1,97140.2,-1184,1669,315,10,36.83,8.08,5581
1,1,1,43.2211227,-0.0513027,413.79,-1.78,0.1,0.1,97140.2,-1183,1670,316,10,37.18,8.08,5582
1,1,1,43.2211227,-0.0513027,413.88,-1.79,0.2,0.1,97140.2,-1185,1673,314,10,37.18,8.08,5583
1,1,1,43.2211227,-0.0513013,413.96,-1.79,0.2,0.1,97140.4,-1188,1677,315,10,37.74,8.08,5584
1,1,1,43.2211227,-0.0513010,414.08,-1.80,0.2,0.1,97140.4,-1188,1671,318,10,36.83,8.08,5585
1,1,1,43.2211227,-0.0513011,414.19,-1.81,0.1,0.1,97140.5,-1185,1664,314,10,37.05,8.09,5586
1,1,1,43.2211227,-0.0513017,414.22,-1.81,0.1,0.1,97140.7,-1187,1672,318,10,37.18,8.07,5587
1,1,1,43.2211227,-0.0513026,414.25,-1.82,0.2,0.1,97140.7,-1185,1671,320,10,37.18,8.09,5588
1,1,1,43.2211189,-0.0513048,414.35,-1.82,0.3,0.0,97140.6,-1183,1674,314,10,36.96,8.07,5589
1,1,1,43.2211189,-0.0513047,414.50,-1.82,0.3,0.0,97140.6,-1187,1674,313,10,36.61,8.07,5590
1,1,1,43.2211189,-0.0513044,414.67,-1.82,0.2,0.0,97140.7,-1185,1677,316,10,36.39,8.06,5591
1,1,1,43.2211189,-0.0513041,414.80,-1.82,0.2,0.0,97140.7,-1188,1676,308,10,37.18,8.08,5592
1,1,1,43.2211189,-0.0513037,414.84,-1.83,0.1,0.0,97140.8,-1183,1673,320,10,37.18,8.08,5593
1,1,1,43.2211189,-0.0513031,414.92,-1.83,0.0,0.0,97140.7,-1183,1670,317,10,37.18,8.07,5594
1,1,1,43.2211189,-0.0513036,414.93,-1.83,0.1,0.0,97140.7,-1185,1673,312,10,37.18,8.08,5595
1,1,1,43.2211189,-0.0513023,414.98,-1.83,0.2,0.0,97140.8,-1189,1668,320,10,36.83,8.08,5596
1,1,1,43.2211189,-0.0513012,415.10,-1.83,0.1,0.0,97140.8,-1181,1671,321,10,36.61,8.06,5597
1,1,1,43.2211189,-0.0513005,415.17,-1.83,0.2,0.0,97140.8,-1189,1672,309,10,37.05,8.09,5598
1,1,1,43.2211189,-0.0512997,415.21,-1.83,0.2,0.0,97140.6,-1185,1676,315,10,36.83,8.08,5599
1,1,1,43.2211151,-0.0512987,415.35,-1.82,0.2,0.0,97140.6,-1187,1668,322,10,37.52,8.08,5600
1,1,1,43.2211151,-0.0512983,415.48,-1.82,0.2,-0.0,97140.6,-1188,1674,315,10,37.18,8.07,5601
1,1,1,43.2211151,-0.0512980,415.48,-1.81,0.2,0.0,97140.6,-1186,1670,315,10,37.18,8.08,5602
1,1,1,43.2211151,-0.0512970,415.46,-1.83,0.3,0.0,97140.8,-1182,1668,316,10,36.83,8.08,5603
1,1,1,43.2211151,-0.0512969,415.48,-1.83,0.3,0.0,97140.8,-1185,1676,318,10,37.52,8.07,5604
1,1,1,43.2211151,-0.0512969,415.46,-1.83,0.3,0.0,97140.8,-1188,1671,317,10,37.52,8.07,5605
1,1,1,43.2211151,-0.0512974,415.49,-1.83,0.2,0.0,97140.7,-1185,1669,316,10,37.05,8.08,5606
1,1,1,43.2211151,-0.0512980,415.62,-1.82,0.0,0.0,97140.7,-1187,1670,316,10,37.18,8.08,5607
1,1,1,43.2211151,-0.0512984,415.62,-1.83,0.2,0.0,97140.8,-1182,1672,313,10,37.40,8.08,5608
1,1,1,43.2211151,-0.0512977,415.62,-1.83,0.3,0.0,97140.8,-1190,1671,311,10,36.83,8.07,5609
1,1,1,43.2211151,-0.0512975,415.65,-1.83,0.2,0.0,97140.8,-1182,1668,310,10,36.83,8.08,5610
1,1,1,43.2211151,-0.0512993,415.72,-1.83,0.2,0.0,97140.8,-1186,1676,317,10,37.18,8.08,5611
1,1,1,43.2211151,-0.0513005,415.74,-1.83,0.2,0.0,97140.8,-1190,1673,316,10,37.18,8.08,5612
1,1,1,43.2211151,-0.0513010,415.76,-1.83,0.3,0.0,97140.8,-1184,1669,312,10,37.18,8.07,5613
1,1,1,43.2211113,-0.0513007,415.83,-1.83,0.1,0.0,97140.9,-1186,1675,313,10,37.52,8.08,5614
1,1,1,43.2211113,-0.0513015,415.94,-1.84,0.2,0.0,97140.9,-1184,1675,317,10,37.18,8.08,5615
1,1,1,43.2211113,-0.0513015,415.90,-1.84,0.1,0.0,97140.9,-1184,1672,318,10,37.18,8.08,5616
1,1,1,43.2211113,-0.0513025,415.89,-1.84,0.2,0.0,97140.9,-1187,1667,314,10,37.40,8.08,5617
1,1,1,43.2211113,-0.0513023,415.96,-1.83,0.2,0.0,97140.8,-1182,1674,316,10,37.52,8.08,5618
1,1,1,43.2211113,-0.0513027,415.98,-1.83,0.2,0.0,97141.0,-1185,1671,315,10,37.52,8.07,5619
1,1,1,43.2211113,-0.0513056,416.08,-1.85,0.4,0.0,97141.0,-1185,1670,318,10,37.30,8.07,5620
1,1,1,43.2211113,-0.0513051,416.20,-1.85,0.3,-0.0,97141.1,-1187,1673,311,10,37.86,8.08,5621
1,1,1,43.2211075,-0.0513037,416.36,-1.86,0.2,-0.0,97141.1,-1183,1670,314,10,37.40,8.08,5622
1,1,1,43.2211075,-0.0513036,416.43,-1.86,0.2,-0.0,97141.1,-1189,1671,317,10,37.30,8.07,5623
1,1,1,43.2211075,-0.0513032,416.51,-1.86,0.3,-0.0,97141.1,-1187,1673,314,10,36.96,8.07,5624
1,1,1,43.2211075,-0.0513045,416.55,-1.86,0.3,-0.0,97141.2,-1186,1671,314,10,37.52,8.07,5625
1,1,1,43.2211075,-0.0513042,416.59,-1.86,0.2,-0.0,97141.2,-1190,1674,313,10,37.18,8.08,5626
1,1,1,43.2211037,-0.0513019,416.71,-1.87,0.2,-0.0,97141.2,-1187,1672,317,10,36.61,8.07,5627
1,1,1,43.2211037,-0.0513013,416.79,-1.87,0.3,-0.0,97141.2,-1188,1674,314,10,36.83,8.08,5628
1,1,1,43.2211037,-0.0513009,416.79,-1.87,0.3,-0.0,97141.2,-1187,1672,320,10,37.18,8.08,5629
1,1,1,43.2211037,-0.0513002,416.82,-1.86,0.4,-0.0,97141.2,-1187,1676,317,10,37.18,8.08,5630
1,1,1,43.2210999,-0.0512994,416.87,-1.86,0.4,-0.0,97141.4,-1183,1671,319,10,37.30,8.07,5631
1,1,1,43.2210999,-0.0513001,416.96,-1.88,0.3,-0.0,97141.4,-1185,1671,320,10,37.18,8.08,5632
1,1,1,43.2210999,-0.0512998,417.04,-1.88,0.2,-0.0,97141.3,-1186,1670,317,10,37.74,8.08,5633
1,1,1,43.2210999,-0.0513000,417.07,-1.88,0.1,-0.0,97141.3,-1184,1671,320,10,37.52,8.08,5634
1,1,1,43.2210999,-0.0512995,417.06,-1.88,0.1,-0.0,97141.4,-1188,1670,315,10,37.52,8.07,5635
1,1,1,43.2210999,-0.0512985,417.08,-1.88,0.2,0.0,97141.5,-1186,1671,317,10,37.18,8.08,5636
1,1,1,43.2211037,-0.0512997,417.13,-1.89,0.1,0.0,97141.5,-1184,1673,316,10,37.18,8.07,5637
1,1,1,43.2210999,-0.0512996,417.09,-1.89,0.0,0.0,97141.5,-1183,1672,313,10,37.18,8.08,5638
1,1,1,43.2210999,-0.0512992,417.20,-1.90,0.0,0.0,97141.5,-1186,1672,317,10,37.74,8.07,5639
1,1,1,43.2210999,-0.0512988,417.34,-1.90,0.0,-0.0,97141.5,-1184,1671,317,10,37.52,8.08,5640
1,1,1,43.2210999,-0.0512985,417.49,-1.90,0.1,-0.0,97141.6,-1186,1674,317,10,38.09,8.08,5641
1,1,1,43.2210999,-0.0512980,417.66,-1.90,0.1,-0.0,97141.6,-1187,1669,316,10,37.30,8.07,5642
1,1,1,43.2210999,-0.0512970,417.81,-1.90,0.2,-0.1,97141.5,-1187,1669,317,10,37.52,8.08,5643
1,1,1,43.2210999,-0.0512965,417.87,-1.90,0.2,-0.1,97141.5,-1187,1672,320,10,37.42,8.07,5644
1,1,1,43.2210999,-0.0512964,417.89,-1.92,0.1,-0.1,97141.8,-1189,1676,313,10,37.86,8.07,5645
1,1,1,43.2210999,-0.0512969,418.04,-1.92,0.2,-0.1,97141.8,-1186,1670,313,10,37.52,8.08,5646
1,1,1,43.2210999,-0.0512971,418.07,-1.92,0.2,-0.1,97141.8,-1189,1668,321,10,36.96,8.06,5647
1,1,1,43.2210999,-0.0512962,418.10,-1.92,0.2,-0.0,97141.4,-1185,1675,320,10,37.18,8.07,5648
1,1,1,43.2211037,-0.0512985,418.26,-1.88,0.3,-0.1,97141.4,-1181,1670,319,10,37.05,8.08,5649
1,1,1,43.2211037,-0.0512995,418.40,-1.89,0.3,-0.1,97141.5,-1183,1672,314,10,37.18,8.08,5650
1,1,1,43.2211037,-0.0512999,418.57,-1.89,0.4,-0.1,97141.1,-1188,1666,317,10,37.30,8.06,5651
1,1,1,43.2211037,-0.0513004,418.64,-1.86,0.4,-0.1,97141.1,-1184,1672,312,10,37.52,8.08,5652
1,1,1,43.2211037,-0.0513003,418.68,-1.86,0.4,-0.1,97140.9,-1188,1669,316,10,37.52,8.08,5653
1,1,1,43.2211037,-0.0512988,418.71,-1.84,0.3,-0.1,97140.9,-1187,1673,318,10,37.52,8.08,5654
1,1,1,43.2211037,-0.0512966,418.75,-1.82,0.2,-0.1,97140.7,-1187,1674,315,10,37.30,8.07,5655
1,1,1,43.2211037,-0.0512953,418.86,-1.82,0.2,-0.1,97140.7,-1187,1667,314,10,37.64,8.06,5656
1,1,1,43.2211037,-0.0512957,418.97,-1.84,0.2,-0.1,97140.9,-1188,1666,315,10,37.52,8.08,5657
1,1,1,43.2211037,-0.0512966,419.12,-1.84,0.2,-0.1,97140.7,-1192,1670,320,10,37.52,8.07,5658
1,1,1,43.2211037,-0.0512971,419.17,-1.82,0.1,-0.1,97140.7,-1188,1669,319,10,37.74,8.07,5659
1,1,1,43.2211037,-0.0512968,419.27,-1.82,0.1,-0.1,97140.6,-1184,1670,314,10,37.30,8.07,5660
1,1,1,43.2211037,-0.0512963,419.41,-1.82,0.1,-0.1,97140.6,-1184,1667,316,10,37.52,8.07,5661
1,1,1,43.2211037,-0.0512956,419.51,-1.83,0.1,-0.2,97140.7,-1187,1671,313,10,37.52,8.07,5662
1,1,1,43.2211037,-0.0512941,419.59,-1.83,0.2,-0.2,97140.7,-1185,1670,317,10,38.09,8.08,5663
1,1,1,43.2210999,-0.0512950,419.73,-1.82,0.2,-0.2,97140.7,-1184,1673,311,10,37.86,8.08,5664
1,1,1,43.2210999,-0.0512953,419.81,-1.82,0.1,-0.2,97140.5,-1188,1670,314,10,37.74,8.08,5665
1,1,1,43.2210999,-0.0512943,419.86,-1.81,0.1,-0.2,97140.5,-1185,1669,312,10,37.18,8.08,5666
1,1,1,43.2210999,-0.0512948,419.93,-1.81,0.1,-0.2,97140.5,-1188,1675,320,10,37.52,8.07,5667
1,1,1,43.2211037,-0.0512945,420.09,-1.81,0.1,-0.2,97140.5,-1188,1668,314,10,37.74,8.08,5668
1,1,1,43.2211037,-0.0512953,420.16,-1.80,0.1,-0.2,97140.5,-1186,1673,317,10,37.86,8.08,5669
1,1,1,43.2210999,-0.0512963,420.22,-1.80,0.2,-0.2,97140.4,-1187,1672,317,10,37.52,8.08,5670
1,1,1,43.2210999,-0.0512972,420.18,-1.80,0.2,-0.2,97140.4,-1190,1671,317,10,37.30,8.07,5671
1,1,1,43.2210999,-0.0512971,420.12,-1.79,0.1,-0.1,97140.3,-1190,1670,315,10,37.86,8.08,5672
1,1,1,43.2210999,-0.0512973,420.14,-1.79,0.1,-0.1,97140.3,-1187,1666,319,10,37.86,8.07,5673
1,1,1,43.2210999,-0.0512966,420.08,-1.79,0.2,-0.1,97140.3,-1185,1673,314,10,37.52,8.08,5674
1,1,1,43.2210999,-0.0512957,420.04,-1.79,0.3,-0.1,97140.2,-1189,1669,314,10,37.86,8.08,5675
1,1,1,43.2210999,-0.0512977,420.01,-1.78,0.3,-0.1,97140.2,-1188,1670,313,10,37.52,8.08,5676
1,1,1,43.2210999,-0.0512992,420.03,-1.78,0.3,-0.1,97140.2,-1191,1670,316,10,38.09,8.08,5677
1,1,1,43.2210999,-0.0512995,420.11,-1.78,0.3,-0.1,97140.2,-1189,1669,316,10,37.30,8.07,5678
1,1,1,43.2210999,-0.0512997,420.16,-1.78,0.3,-0.1,97140.2,-1187,1671,317,10,37.74,8.08,5679
1,1,1,43.2210999,-0.0512985,420.25,-1.78,0.2,-0.1,97140.2,-1187,1671,312,10,38.09,8.08,5680
1,1,1,43.2210999,-0.0512992,420.28,-1.78,0.1,-0.1,97140.2,-1190,1669,316,10,37.52,8.07,5681
1,1,1,43.2210999,-0.0512996,420.18,-1.79,0.2,-0.0,97140.3,-1189,1667,320,10,37.52,8.08,5682
1,1,1,43.2210999,-0.0512983,420.19,-1.79,0.2,-0.0,97140.4,-1187,1669,316,10,37.99,8.06,5683
1,1,1,43.2210960,-0.0512982,420.13,-1.79,0.3,-0.0,97140.4,-1187,1667,316,10,38.21,8.08,5684
1,1,1,43.2210960,-0.0512986,420.10,-1.79,0.4,0.0,97140.3,-1186,1672,316,10,37.86,8.08,5685
1,1,1,43.2210960,-0.0512979,420.18,-1.79,0.4,-0.0,97140.3,-1190,1665,316,10,37.52,8.08,5686
1,1,1,43.2210960,-0.0512987,420.27,-1.79,0.3,-0.0,97140.3,-1184,1670,319,10,37.86,8.07,5687
1,1,1,43.2210960,-0.0512975,420.40,-1.79,0.3,-0.0,97140.3,-1189,1669,311,10,37.30,8.07,5688
1,1,1,43.2210960,-0.0512956,420.49,-1.79,0.3,-0.0,97140.3,-1184,1671,312,10,37.52,8.07,5689
1,1,1,43.2210960,-0.0512947,420.65,-1.79,0.2,-0.0,97140.3,-1189,1671,315,10,37.52,8.08,5690
1,1,1,43.2210960,-0.0512948,420.70,-1.79,0.1,-0.0,97140.3,-1184,1674,321,10,37.18,8.08,5691
1,1,1,43.2210960,-0.0512944,420.72,-1.78,0.1,-0.0,97140.2,-1186,1670,315,10,37.52,8.08,5692
1,1,1,43.2210960,-0.0512956,420.77,-1.78,0.1,-0.0,97140.2,-1185,1671,317,10,37.52,8.07,5693
1,1,1,43.2210960,-0.0512969,420.91,-1.79,0.2,-0.1,97140.3,-1186,1672,312,10,37.74,8.09,5694
1,1,1,43.2210960,-0.0512963,420.98,-1.79,0.1,-0.1,97140.2,-1187,1673,317,10,37.52,8.07,5695
1,1,1,43.2210960,-0.0512964,421.06,-1.78,0.2,-0.1,97140.2,-1188,1671,318,10,37.18,8.08,5696
1,1,1,43.2210960,-0.0512969,421.07,-1.78,0.3,-0.1,97140.2,-1188,1669,317,10,37.86,8.08,5697
1,1,1,43.2210960,-0.0512967,421.05,-1.78,0.3,-0.1,97140.2,-1186,1671,318,10,37.52,8.07,5698
1,1,1,43.2210960,-0.0512969,421.03,-1.78,0.3,-0.0,97140.2,-1187,1670,314,10,37.74,8.08,5699
1,1,1,43.2210960,-0.0512958,421.06,-1.78,0.3,-0.0,97140.4,-1189,1672,319,10,37.86,8.08,5700
1,1,1,43.2210960,-0.0512948,421.13,-1.80,0.2,-0.0,97140.4,-1188,1668,321,10,37.30,8.06,5701
1,1,1,43.2210960,-0.0512957,421.27,-1.80,0.1,-0.0,97140.5,-1184,1670,316,10,38.09,8.08,5702
1,1,1,43.2210960,-0.0512953,421.31,-1.81,0.1,-0.0,97140.5,-1187,1673,314,10,37.64,8.07,5703
1,1,1,43.2210960,-0.0512946,421.36,-1.80,0.1,-0.0,97140.4,-1191,1671,318,10,37.52,8.08,5704
1,1,1,43.2210960,-0.0512952,421.41,-1.80,0.1,-0.0,97140.5,-1185,1671,316,10,37.86,8.08,5705
1,1,1,43.2210960,-0.0512957,421.38,-1.80,0.1,-0.0,97140.5,-1188,1670,314,10,37.52,8.08,5706
1,1,1,43.2210960,-0.0512962,421.32,-1.80,0.2,0.0,97140.4,-1188,1671,318,10,37.86,8.08,5707
1,1,1,43.2210960,-0.0512964,421.49,-1.79,0.1,-0.0,97140.4,-1189,1666,317,10,37.99,8.07,5708
1,1,1,43.2210960,-0.0512953,421.55,-1.81,0.0,-0.0,97140.6,-1184,1673,315,10,37.86,8.07,5709
1,1,1,43.2210960,-0.0512938,421.56,-1.81,0.2,-0.0,97140.7,-1189,1669,310,10,37.30,8.07,5710
1,1,1,43.2210960,-0.0512923,421.60,-1.82,0.3,0.0,97140.7,-1190,1670,315,10,37.52,8.08,5711
1,1,1,43.2210960,-0.0512922,421.78,-1.82,0.2,-0.0,97140.6,-1186,1666,314,10,37.86,8.07,5712
1,1,1,43.2210960,-0.0512930,421.89,-1.82,0.0,-0.0,97140.6,-1188,1672,313,10,37.64,8.06,5713
1,1,1,43.2210960,-0.0512930,421.95,-1.80,0.1,-0.1,97140.4,-1187,1668,318,10,37.86,8.07,5714
1,1,1,43.2210960,-0.0512928,422.01,-1.80,0.1,-0.0,97140.3,-1187,1669,318,10,37.64,8.07,5715
1,1,1,43.2210960,-0.0512933,422.11,-1.79,0.1,-0.1,97140.3,-1186,1673,323,10,37.30,8.07,5716
1,1,1,43.2210960,-0.0512930,422.15,-1.79,0.1,-0.1,97140.2,-1193,1671,313,10,37.86,8.07,5717
1,1,1,43.2210960,-0.0512938,422.09,-1.78,0.2,-0.0,97140.2,-1192,1672,314,10,37.86,8.08,5718
1,1,1,43.2210960,-0.0512953,422.08,-1.77,0.2,-0.0,97140.0,-1187,1670,315,10,37.30,8.07,5719
1,1,1,43.2210960,-0.0512948,422.07,-1.77,0.1,-0.0,97140.0,-1188,1669,318,10,38.43,8.08,5720
1,1,1,43.2210960,-0.0512950,422.19,-1.76,0.1,-0.0,97140.0,-1190,1671,316,10,37.86,8.07,5721
1,1,1,43.2210960,-0.0512953,422.23,-1.76,0.1,-0.0,97140.0,-1190,1670,318,10,37.86,8.08,5722
1,1,1,43.2210960,-0.0512971,422.28,-1.76,0.3,-0.0,97140.0,-1189,1670,318,10,37.86,8.07,5723
1,1,1,43.2210960,-0.0512986,422.31,-1.74,0.4,-0.0,97139.8,-1186,1667,319,10,37.64,8.07,5724
1,1,1,43.2210960,-0.0512983,422.39,-1.74,0.3,-0.0,97139.8,-1190,1667,316,10,37.86,8.07,5725
1,1,1,43.2210960,-0.0512990,422.41,-1.75,0.3,-0.0,97139.8,-1186,1667,314,10,38.21,8.08,5726
1,1,1,43.2210960,-0.0512997,422.43,-1.75,0.3,-0.0,97139.6,-1188,1667,311,10,37.52,8.07,5727
1,1,1,43.2210960,-0.0512991,422.48,-1.73,0.2,-0.0,97139.6,-1189,1673,321,10,38.21,8.08,5728
1,1,1,43.2210960,-0.0512978,422.62,-1.73,0.1,-0.0,97139.5,-1189,1671,315,10,38.21,8.07,5729
1,1,1,43.2210960,-0.0512980,422.73,-1.72,0.1,-0.0,97139.5,-1185,1670,315,10,37.64,8.07,5730
1,1,1,43.2210960,-0.0512978,422.71,-1.71,0.1,-0.0,97139.4,-1190,1669,316,10,37.52,8.07,5731
1,1,1,43.2210960,-0.0512987,422.79,-1.71,0.3,-0.0,97139.5,-1189,1668,315,10,37.86,8.08,5732
1,1,1,43.2210960,-0.0512971,422.91,-1.73,0.2,-0.0,97139.5,-1190,1666,321,10,37.86,8.07,5733
1,1,1,43.2210960,-0.0512962,422.92,-1.73,0.1,-0.0,97139.5,-1189,1667,317,10,38.21,8.08,5734
1,1,1,43.2210960,-0.0512970,422.95,-1.72,0.2,-0.0,97139.5,-1192,1672,319,10,37.86,8.07,5735
1,1,1,43.2210960,-0.0512966,422.92,-1.71,0.3,-0.0,97139.4,-1191,1675,314,10,37.52,8.08,5736
1,1,1,43.2210960,-0.0512972,422.90,-1.71,0.2,-0.0,97139.3,-1186,1673,320,10,38.21,8.07,5737
1,1,1,43.2210960,-0.0512958,422.75,-1.71,0.3,0.0,97139.3,-1191,1670,316,10,38.09,8.08,5738
1,1,1,43.2210922,-0.0512956,422.73,-1.71,0.4,0.0,97139.4,-1188,1668,318,10,37.86,8.07,5739
1,1,1,43.2210922,-0.0512939,422.69,-1.71,0.5,0.0,97139.4,-1191,1664,312,10,37.74,8.08,5740
1,1,1,43.2210922,-0.0512943,422.58,-1.70,0.6,0.0,97139.2,-1189,1669,321,10,37.86,8.07,5741
1,1,1,43.2210884,-0.0512946,422.49,-1.70,0.5,0.1,97139.2,-1189,1669,316,10,37.86,8.07,5742
1,1,1,43.2210922,-0.0512946,422.60,-1.70,0.2,0.1,97139.2,-1188,1670,318,10,38.43,8.08,5743
1,1,1,43.2210922,-0.0512963,422.69,-1.70,0.2,0.0,97139.1,-1190,1670,316,10,38.33,8.07,5744
1,1,1,43.2210922,-0.0512958,422.73,-1.69,0.1,0.0,97139.1,-1185,1670,316,10,38.21,8.07,5745
1,1,1,43.2210922,-0.0512945,422.77,-1.69,0.0,0.0,97139.1,-1189,1667,316,10,37.86,8.08,5746
1,1,1,43.2210922,-0.0512933,422.79,-1.69,0.1,0.0,97139.1,-1184,1669,317,10,37.86,8.08,5747
1,1,1,43.2210922,-0.0512934,422.70,-1.68,0.2,0.1,97139.1,-1188,1670,317,10,38.65,8.09,5748
