flag_calib,flag_drop,flag_separation,flag_fin,top_lat,bottom_lat,top_lon,bottom_lon,top_hMSL,bottom_hMSL,top_accx,bottom_accx,top_accy,bottom_accy,top_accz,bottom_accz,sat_hMSL,top_pression,top_temperature,bottom_temperature,bottom_pression,timeindex
1,0,0,0,49.2171516,49.2171249,2.405678,2.4057021,51.9,49.6,-0.22,-0.11,-41.0,-5.0,2030.0,-1998.0,343.0,559.0,0.0,100979.7,41.8,362
1,0,0,0,49.2171516,49.2171211,2.405678,2.4057021,51.9,49.6,-0.25,-0.11,-46.0,-2.0,2033.0,-1994.0,351.0,547.0,0.0,100979.7,42.5,362
1,0,0,0,49.2171516,49.2171211,2.405678,2.4057021,51.9,49.6,-0.2,-0.13,-45.0,3.0,2030.0,-1998.0,354.0,554.0,0.0,100979.2,42.3,362
1,0,0,0,49.2171516,49.2171211,2.405678,2.4057021,51.9,49.6,-0.2,-0.13,-50.0,-1.0,2029.0,-2000.0,351.0,564.0,0.0,100979.3,42.1,363
1,0,0,0,49.2171516,49.2171211,2.4056783,2.4057021,51.9,49.5,-0.21,-0.04,-43.0,-3.0,2027.0,-1998.0,351.0,558.0,0.0,100979.3,42.1,363
1,0,0,0,49.2171516,49.2171211,2.4056783,2.4057021,51.9,49.5,-0.21,-0.1,-45.0,1.0,2026.0,-2000.0,350.0,555.0,0.0,100979.0,41.8,363
1,0,0,0,49.2171516,49.2171211,2.4056783,2.4057021,51.9,49.5,-0.19,-0.1,-47.0,2.0,2030.0,-1999.0,351.0,560.0,0.0,100979.0,42.1,363
1,0,0,0,49.2171516,49.2171211,2.4056785,2.4057021,51.9,49.4,-0.14,-0.05,-42.0,-2.0,2027.0,-2002.0,351.0,562.0,0.0,100978.5,42.3,363
1,0,0,0,49.2171516,49.2171211,2.4056785,2.4057021,51.8,49.4,-0.14,-0.05,-44.0,4.0,2027.0,-2000.0,354.0,559.0,0.0,100978.5,42.1,364
1,0,0,0,49.2171516,49.2171211,2.4056785,2.4057021,51.8,49.4,-0.18,-0.03,-51.0,-3.0,2028.0,-1999.0,356.0,555.0,0.0,100979.0,41.9,364
1,0,0,0,49.2171516,49.2171211,2.4056785,2.4057021,51.8,49.4,-0.18,-0.13,-43.0,-1.0,2033.0,-2003.0,359.0,557.0,0.0,100980.0,42.3,364
1,0,0,0,49.2171516,49.2171211,2.4056785,2.4057016,51.8,49.4,-0.27,-0.1,-46.0,1.0,2026.0,-1998.0,358.0,558.0,0.0,100980.0,42.3,364
1,0,0,0,49.2171516,49.2171211,2.4056787,2.4057016,51.8,49.4,-0.14,-0.1,-47.0,1.0,2026.0,-1998.0,350.0,558.0,0.0,100978.4,42.0,364
1,0,0,0,49.2171516,49.2171211,2.4056787,2.4057016,51.8,49.4,-0.14,-0.1,-42.0,2.0,2028.0,-1998.0,353.0,554.0,0.0,100978.4,42.3,365
1,0,0,0,49.2171555,49.2171211,2.405679,2.4057016,51.7,49.3,-0.11,0.01,-46.0,-3.0,2029.0,-2002.0,351.0,558.0,0.0,100978.1,42.3,365
1,0,0,0,49.2171555,49.2171211,2.405679,2.4057016,51.7,49.3,-0.11,-0.02,-41.0,5.0,2031.0,-2001.0,349.0,558.0,0.0,100979.7,42.3,365
1,0,0,0,49.2171555,49.2171211,2.4056792,2.4057014,51.7,49.4,-0.24,-0.02,-46.0,-1.0,2030.0,-1999.0,351.0,557.0,0.0,100979.7,42.5,365
1,0,0,0,49.2171555,49.2171211,2.4056792,2.4057014,51.7,49.3,-0.34,-0.16,-47.0,-1.0,2030.0,-1998.0,352.0,563.0,0.0,100980.8,42.7,365
1,0,0,0,49.2171555,49.2171211,2.4056792,2.4057014,51.7,49.2,-0.34,-0.23,-41.0,2.0,2029.0,-2001.0,352.0,555.0,0.0,100980.8,42.3,366
1,0,0,0,49.2171555,49.2171211,2.4056792,2.4057014,51.7,49.2,-0.33,-0.23,-45.0,2.0,2032.0,-2001.0,351.0,555.0,0.0,100980.7,42.3,366
1,0,0,0,49.2171555,49.2171211,2.4056792,2.4057012,51.7,49.2,-0.33,-0.24,-46.0,-1.0,2028.0,-2002.0,355.0,559.0,0.0,100980.6,42.7,366
1,0,0,0,49.2171555,49.2171211,2.4056792,2.4057012,51.7,49.3,-0.32,-0.24,-47.0,-1.0,2027.0,-1999.0,353.0,554.0,0.0,100980.6,42.7,366
1,0,0,0,49.2171555,49.2171211,2.4056797,2.4057012,51.6,49.2,-0.27,-0.14,-44.0,-3.0,2029.0,-2002.0,344.0,562.0,0.0,100980.1,41.8,366
1,0,0,0,49.2171555,49.2171211,2.4056795,2.4057012,51.6,49.2,-0.27,-0.14,-48.0,0.0,2030.0,-2001.0,349.0,560.0,0.0,100980.1,41.8,367
1,0,0,0,49.2171555,49.2171211,2.4056797,2.4057012,51.6,49.2,-0.17,-0.15,-51.0,-1.0,2030.0,-1997.0,349.0,557.0,0.0,100978.8,42.3,367
1,0,0,0,49.2171555,49.2171211,2.4056797,2.4057012,51.6,49.2,-0.17,-0.03,-44.0,6.0,2031.0,-1999.0,345.0,552.0,0.0,100979.4,42.5,367
1,0,0,0,49.2171555,49.2171211,2.4056797,2.4057012,51.6,49.2,-0.22,-0.03,-48.0,-2.0,2028.0,-1999.0,345.0,562.0,0.0,100979.4,42.1,367
1,0,0,0,49.2171555,49.2171211,2.4056797,2.4057012,51.5,49.1,-0.22,-0.07,-47.0,-1.0,2027.0,-2000.0,343.0,559.0,0.0,100979.2,42.0,367
1,0,0,0,49.2171555,49.2171211,2.4056799,2.4057012,51.5,49.1,-0.2,-0.07,-46.0,-1.0,2025.0,-2000.0,345.0,559.0,0.0,100979.2,42.7,368
1,0,0,0,49.2171555,49.2171211,2.4056799,2.4057012,51.5,49.1,-0.13,-0.05,-31.0,4.0,2014.0,-1999.0,348.0,564.0,0.0,100978.3,42.1,368
1,0,0,0,49.2171555,49.2171211,2.4056799,2.4057009,51.5,49.1,-0.13,0.01,-46.0,-4.0,2027.0,-2013.0,351.0,570.0,0.0,100977.8,42.0,368
1,0,0,0,49.2171555,49.2171211,2.4056797,2.4057012,51.5,49.0,-0.09,0.01,-46.0,0.0,2031.0,-2006.0,342.0,561.0,0.0,100977.8,42.1,368
1,0,0,0,49.2171555,49.2171211,2.4056799,2.4057007,51.5,49.1,-0.09,0.1,-40.0,3.0,2028.0,-2006.0,339.0,554.0,0.0,100976.7,42.1,368
1,0,0,0,49.2171555,49.2171211,2.4056799,2.4057007,51.5,49.1,0.01,0.1,-45.0,3.0,2026.0,-2006.0,346.0,554.0,0.0,100976.7,42.0,369
1,0,0,0,49.2171555,49.2171211,2.4056799,2.4057007,51.5,49.0,-0.03,0.14,-46.0,0.0,2031.0,-2000.0,345.0,561.0,0.0,100977.2,41.8,369
1,0,0,0,49.2171555,49.2171211,2.4056802,2.4057007,51.4,49.1,-0.03,0.13,-44.0,1.0,2028.0,-2000.0,342.0,560.0,0.0,100977.9,41.8,369
1,0,0,0,49.2171555,49.2171211,2.4056804,2.4057007,51.4,49.1,-0.1,0.13,-42.0,-4.0,2028.0,-1988.0,344.0,566.0,0.0,100977.9,42.1,369
1,0,0,0,49.2171555,49.2171211,2.4056804,2.4057007,51.4,49.2,-0.1,0.04,-48.0,-2.0,2028.0,-2003.0,347.0,591.0,0.0,100978.7,41.8,369
1,0,0,0,49.2171555,49.2171211,2.4056804,2.4057004,51.4,49.2,-0.16,0.04,-45.0,5.0,2031.0,-2001.0,352.0,581.0,0.0,100978.7,42.1,370
1,0,0,0,49.2171555,49.2171211,2.4056807,2.4057004,51.4,49.3,-0.17,-0.06,-43.0,5.0,2033.0,-2001.0,352.0,562.0,0.0,100978.8,42.1,370
1,0,0,0,49.2171555,49.2171211,2.4056809,2.4057004,51.4,49.4,-0.17,-0.06,-48.0,-2.0,2029.0,-1998.0,347.0,551.0,0.0,100978.8,42.1,370
1,0,0,0,49.2171555,49.2171249,2.4056809,2.4057004,51.4,49.5,-0.17,-0.06,-48.0,0.0,2029.0,-2001.0,347.0,555.0,0.0,100978.8,42.1,370
1,0,0,0,49.2171555,49.2171249,2.4056809,2.4057004,51.4,49.5,-0.16,-0.06,-44.0,0.0,2029.0,-2001.0,355.0,555.0,0.0,100979.5,42.1,370
1,0,0,0,49.2171555,49.2171249,2.4056809,2.4057,51.4,49.6,-0.23,-0.06,-47.0,1.0,2028.0,-2002.0,351.0,559.0,0.0,100979.5,42.0,371
1,0,0,0,49.2171555,49.2171249,2.4056809,2.4057,51.4,49.6,-0.27,-0.12,-45.0,-2.0,2031.0,-2002.0,351.0,556.0,0.0,100980.0,42.7,371
1,0,0,0,49.2171555,49.2171249,2.4056809,2.4057,51.4,49.6,-0.27,-0.17,-43.0,1.0,2030.0,-2000.0,359.0,558.0,0.0,100980.0,41.9,371
1,0,0,0,49.2171555,49.2171249,2.4056809,2.4057,51.3,49.6,-0.21,-0.17,-45.0,8.0,2031.0,-1995.0,356.0,555.0,0.0,100979.3,42.1,371
1,0,0,0,49.2171555,49.2171249,2.4056809,2.4057,51.4,49.6,-0.21,-0.1,-47.0,2.0,2029.0,-2000.0,353.0,559.0,0.0,100978.5,42.3,371
1,0,0,0,49.2171555,49.2171249,2.4056811,2.4057,51.3,49.6,-0.15,-0.1,-46.0,2.0,2030.0,-1998.0,359.0,559.0,0.0,100978.5,42.1,372
1,0,0,0,49.2171555,49.2171249,2.4056809,2.4057,51.3,49.7,-0.12,-0.03,-43.0,5.0,2028.0,-2000.0,359.0,559.0,0.0,100978.2,42.3,372
1,0,0,0,49.2171555,49.2171249,2.4056809,2.4057,51.3,49.7,-0.12,0.0,-46.0,-2.0,2032.0,-2002.0,356.0,559.0,0.0,100978.2,42.0,372
1,0,0,0,49.2171555,49.2171249,2.4056811,2.4056997,51.3,49.7,-0.12,0.0,-51.0,-2.0,2029.0,-1997.0,354.0,551.0,0.0,100978.2,42.0,372
1,0,0,0,49.2171555,49.2171249,2.4056811,2.4057,51.3,49.8,-0.12,0.0,-45.0,1.0,2027.0,-2000.0,354.0,556.0,0.0,100978.0,42.1,372
1,0,0,0,49.2171555,49.2171249,2.4056816,2.4056997,51.3,49.8,-0.1,0.0,-47.0,-1.0,2030.0,-2004.0,355.0,556.0,0.0,100978.0,41.8,373
1,0,0,0,49.2171555,49.2171249,2.4056816,2.4056997,51.3,49.8,-0.09,0.02,-47.0,0.0,2028.0,-2003.0,352.0,558.0,0.0,100977.8,42.1,373
1,0,0,0,49.2171555,49.2171249,2.4056816,2.4057,51.3,49.8,-0.09,0.06,-46.0,6.0,2031.0,-2001.0,353.0,558.0,0.0,100977.8,42.1,373
1,0,0,0,49.2171555,49.2171249,2.4056816,2.4056997,51.3,49.9,-0.05,0.06,-45.0,3.0,2031.0,-1998.0,361.0,551.0,0.0,100977.4,42.1,373
1,0,0,0,49.2171555,49.2171249,2.4056816,2.4056997,51.3,49.9,-0.05,0.06,-46.0,-8.0,2029.0,-1997.0,355.0,560.0,0.0,100977.4,41.9,373
1,0,0,0,49.2171555,49.2171249,2.4056814,2.4056997,51.3,49.9,-0.05,0.06,-50.0,2.0,2029.0,-1998.0,351.0,559.0,0.0,100977.4,42.1,374
1,0,0,0,49.2171555,49.2171249,2.4056816,2.4056997,51.2,49.9,-0.05,0.08,-43.0,2.0,2028.0,-2005.0,352.0,557.0,0.0,100977.8,42.7,374
1,0,0,0,49.2171555,49.2171249,2.4056816,2.4057,51.2,50.0,-0.08,0.03,-45.0,-1.0,2026.0,-2001.0,356.0,555.0,0.0,100977.8,42.5,374
1,0,0,0,49.2171555,49.2171249,2.4056816,2.4057,51.2,50.0,-0.08,0.03,-45.0,-2.0,2026.0,-2002.0,356.0,558.0,0.0,100977.8,42.5,374
1,0,0,0,49.2171555,49.2171249,2.4056816,2.4057,51.2,50.0,-0.12,0.01,-47.0,1.0,2028.0,-2003.0,351.0,556.0,0.0,100977.9,42.7,374
1,0,0,0,49.2171555,49.2171249,2.4056816,2.4057,51.2,50.0,-0.09,0.01,-41.0,-1.0,2030.0,-1998.0,360.0,558.0,0.0,100977.9,42.1,375
1,0,0,0,49.2171516,49.2171249,2.4056816,2.4057,51.2,50.0,-0.09,0.06,-46.0,-2.0,2027.0,-1995.0,360.0,554.0,0.0,100977.0,42.5,375
1,0,0,0,49.2171516,49.2171249,2.4056816,2.4057,51.2,50.0,-0.09,0.12,-46.0,2.0,2027.0,-2000.0,360.0,557.0,0.0,100977.0,42.5,375
1,0,0,0,49.2171516,49.2171249,2.4056821,2.4057,51.2,50.0,0.0,0.12,-40.0,2.0,2030.0,-1996.0,355.0,553.0,0.0,100976.7,42.1,375
1,0,0,0,49.2171516,49.2171249,2.4056821,2.4057,51.2,50.1,0.0,0.14,-45.0,0.0,2029.0,-1998.0,353.0,555.0,0.0,100976.9,42.3,375
1,0,0,0,49.2171516,49.2171249,2.4056821,2.4057002,51.2,50.1,-0.01,0.14,-46.0,1.0,2025.0,-2000.0,355.0,555.0,0.0,100976.9,41.8,376
1,0,0,0,49.2171516,49.2171249,2.4056823,2.4057004,51.2,50.1,-0.01,0.14,-46.0,0.0,2030.0,-2003.0,355.0,558.0,0.0,100976.4,42.1,376
1,0,0,0,49.2171516,49.2171249,2.4056823,2.4057004,51.1,50.1,0.03,0.14,-45.0,0.0,2029.0,-2003.0,354.0,558.0,0.0,100976.4,42.3,376
1,0,0,0,49.2171516,49.2171249,2.4056823,2.4057004,51.2,50.1,0.06,0.14,-43.0,-5.0,2027.0,-1999.0,351.0,556.0,0.0,100976.1,42.1,376
1,0,0,0,49.2171516,49.2171249,2.4056823,2.4057004,51.2,50.1,0.06,0.17,-45.0,1.0,2028.0,-2001.0,358.0,558.0,0.0,100976.1,42.3,376
1,0,0,0,49.2171516,49.2171249,2.4056823,2.4057004,51.2,50.1,0.06,0.17,-45.0,-5.0,2028.0,-1998.0,353.0,559.0,0.0,100976.1,42.1,377
1,0,0,0,49.2171516,49.2171249,2.4056823,2.4057004,51.1,50.1,0.06,0.18,-44.0,-3.0,2031.0,-2001.0,352.0,552.0,0.0,100976.1,42.0,377
1,0,0,0,49.2171516,49.2171249,2.4056823,2.4057007,51.1,50.1,0.05,0.18,-49.0,-5.0,2030.0,-1998.0,351.0,559.0,0.0,100976.1,42.5,377
1,0,0,0,49.2171516,49.2171249,2.4056826,2.4057007,51.1,50.1,0.09,0.18,-45.0,-1.0,2025.0,-1998.0,349.0,555.0,0.0,100975.7,42.1,377
1,0,0,0,49.2171516,49.2171249,2.4056823,2.4057007,51.2,50.1,0.09,0.2,-46.0,2.0,2027.0,-2001.0,352.0,560.0,0.0,100975.7,41.8,377
1,0,0,0,49.2171516,49.2171249,2.4056828,2.4057007,51.1,50.1,0.09,0.2,-48.0,1.0,2028.0,-2000.0,357.0,557.0,0.0,100975.7,42.1,378
1,0,0,0,49.2171516,49.2171249,2.4056826,2.4057007,51.1,50.1,0.09,0.2,-45.0,-4.0,2031.0,-1999.0,353.0,556.0,0.0,100975.7,42.1,378
1,0,0,0,49.2171516,49.2171249,2.4056828,2.4057007,51.1,50.1,0.09,0.2,-44.0,-1.0,2025.0,-1997.0,356.0,557.0,0.0,100975.7,42.1,378
1,0,0,0,49.2171516,49.2171249,2.4056828,2.4057007,51.1,50.1,0.11,0.2,-46.0,-1.0,2027.0,-2004.0,353.0,559.0,0.0,100975.5,42.5,378
1,0,0,0,49.2171516,49.2171249,2.4056828,2.4057007,51.1,50.1,0.11,0.23,-46.0,-3.0,2028.0,-2002.0,354.0,556.0,0.0,100975.5,42.1,378
1,0,0,0,49.2171516,49.2171249,2.405683,2.4057007,51.1,50.1,0.13,0.24,-46.0,255.0,2027.0,-1999.0,357.0,553.0,0.0,100975.2,42.1,379
1,0,0,0,49.2171516,49.2171249,2.4056828,2.4057007,51.1,50.1,0.13,0.24,-44.0,255.0,2028.0,-1999.0,357.0,553.0,0.0,100975.4,42.5,379
1,0,0,0,49.2171555,49.2171249,2.4056833,2.4057007,51.1,50.1,0.11,0.23,-45.0,3.0,2027.0,-2001.0,359.0,557.0,0.0,100975.4,42.5,379
1,0,0,0,49.2171516,49.2171249,2.4056833,2.4057007,51.1,50.1,0.1,0.23,-47.0,-1.0,2028.0,-2003.0,353.0,551.0,0.0,100975.6,42.1,379
1,0,0,0,49.2171516,49.2171249,2.4056833,2.4057007,51.1,50.1,0.1,0.22,-48.0,-5.0,2031.0,-2001.0,358.0,554.0,0.0,100975.6,42.3,379
1,0,0,0,49.2171555,49.2171249,2.4056833,2.4057007,51.1,50.0,0.11,0.22,-46.0,0.0,2029.0,-2002.0,356.0,554.0,0.0,100975.4,42.8,380
1,0,0,0,49.2171516,49.2171249,2.4056833,2.4057007,51.0,50.0,0.11,0.23,-44.0,4.0,2028.0,-1997.0,353.0,556.0,0.0,100975.5,42.1,380
1,0,0,0,49.2171555,49.2171249,2.4056833,2.4057007,51.0,50.0,0.11,0.26,-47.0,-4.0,2029.0,-1998.0,357.0,559.0,0.0,100975.5,42.3,380
1,0,0,0,49.2171555,49.2171249,2.4056835,2.4057007,51.0,50.0,0.11,0.26,-45.0,2.0,2029.0,-1995.0,357.0,557.0,0.0,100975.2,42.3,380
1,0,0,0,49.2171555,49.2171249,2.4056833,2.4057007,51.0,50.0,0.13,0.25,-47.0,-2.0,2026.0,-2000.0,357.0,559.0,0.0,100975.2,42.1,380
1,0,0,0,49.2171555,49.2171249,2.4056835,2.4057007,51.0,50.0,0.11,0.25,-42.0,-6.0,2030.0,-1996.0,355.0,555.0,0.0,100975.4,42.1,381
1,0,0,0,49.2171555,49.2171249,2.4056835,2.4057007,51.0,50.1,0.11,0.24,-47.0,1.0,2032.0,-1999.0,358.0,555.0,0.0,100975.5,42.1,381
1,0,0,0,49.2171555,49.2171249,2.4056835,2.4057007,51.0,50.2,0.11,0.22,-45.0,-1.0,2035.0,-1997.0,354.0,558.0,0.0,100975.5,42.5,381
1,0,0,0,49.2171555,49.2171249,2.405684,2.4057007,50.9,50.3,0.11,0.22,-45.0,-393.0,2028.0,-2659.0,354.0,-60.0,0.0,100975.8,42.8,381
1,0,0,0,49.2171555,49.2171249,2.4056845,2.4057012,50.9,50.2,0.08,0.21,-43.0,932.0,2028.0,-689.0,352.0,-1074.0,0.0,100975.8,42.5,381
1,0,0,0,49.2171555,49.2171249,2.4056845,2.4057012,50.9,50.2,0.07,0.21,-48.0,932.0,2029.0,-689.0,352.0,-1074.0,0.0,100976.0,42.5,382
1,0,0,0,49.2171555,49.2171249,2.4056847,2.4057016,50.9,50.2,0.07,0.29,-43.0,907.0,2027.0,-1031.0,354.0,-1574.0,0.0,100976.0,42.3,382
1,0,0,0,49.2171555,49.2171249,2.4056847,2.4057016,50.9,50.2,0.06,0.27,-41.0,933.0,2031.0,-1015.0,359.0,-1571.0,0.0,100976.0,42.0,382
1,0,0,0,49.2171555,49.2171249,2.4056847,2.4057016,50.9,50.2,0.06,0.27,-50.0,871.0,2029.0,-969.0,348.0,-1524.0,0.0,100976.1,42.5,382
1,0,0,0,49.2171555,49.2171249,2.4056847,2.4057016,50.9,50.2,0.06,0.28,-48.0,899.0,2028.0,-1001.0,356.0,-1532.0,0.0,100976.1,43.0,382
1,0,0,0,49.2171555,49.2171249,2.4056847,2.4057021,50.9,50.2,0.04,0.28,-40.0,873.0,2029.0,-1048.0,353.0,-1490.0,0.0,100976.2,41.8,383
1,0,0,0,49.2171555,49.2171288,2.4056847,2.4057019,50.9,50.3,0.04,0.26,-45.0,699.0,2029.0,-1557.0,360.0,-993.0,0.0,100976.2,42.7,383
1,0,0,0,49.2171555,49.2171249,2.4056847,2.4057021,50.9,50.1,0.03,0.21,-46.0,105.0,2031.0,-2089.0,353.0,340.0,0.0,100976.3,42.1,383
1,0,0,0,49.2171555,49.2171249,2.4056847,2.4057021,50.9,50.2,0.06,0.21,-48.0,-15.0,2028.0,-1850.0,356.0,976.0,0.0,100976.1,43.0,382
1,0,0,0,49.2171555,49.2171249,2.4056847,2.4057021,50.9,50.2,0.02,0.21,-45.0,-15.0,2030.0,-1850.0,352.0,976.0,0.0,100976.6,42.5,383
1,0,0,0,49.2171555,49.2171249,2.4056847,2.4057021,50.9,50.2,-0.02,0.2,-49.0,-115.0,2030.0,-1635.0,355.0,1182.0,0.0,100977.0,42.3,384
1,0,0,0,49.2171555,49.2171249,2.4056847,2.4057021,50.9,50.2,-0.02,0.17,-46.0,-279.0,2031.0,-1565.0,358.0,1390.0,0.0,100977.0,42.1,384
1,0,0,0,49.2171555,49.2171288,2.4056847,2.4057021,50.9,50.3,-0.04,0.15,-42.0,-286.0,2030.0,-1351.0,353.0,1515.0,0.0,100977.3,42.1,384
1,0,0,0,49.2171555,49.2171288,2.4056847,2.4057021,50.9,50.2,-0.04,0.15,-43.0,-335.0,2030.0,-1203.0,355.0,1667.0,0.0,100977.7,42.3,384
1,0,0,0,49.2171555,49.2171288,2.4056847,2.4057021,50.9,50.3,-0.08,0.12,-48.0,-291.0,2029.0,-1218.0,356.0,1649.0,0.0,100977.7,42.3,384
1,0,0,0,49.2171555,49.2171288,2.4056847,2.4057021,50.9,50.2,-0.07,0.12,-47.0,-269.0,2031.0,-1169.0,357.0,1610.0,0.0,100977.6,42.1,385
1,0,0,0,49.2171555,49.2171288,2.4056847,2.4057021,50.9,50.2,-0.07,0.12,-49.0,-297.0,2026.0,-1183.0,347.0,1694.0,0.0,100977.6,42.7,385
1,0,0,0,49.2171555,49.2171249,2.4056847,2.4057021,50.9,50.2,-0.1,0.09,-45.0,-312.0,2028.0,-1150.0,355.0,1732.0,0.0,100977.9,41.9,385
1,0,0,0,49.2171555,49.2171249,2.4056847,2.4057021,50.9,50.2,-0.1,0.11,-48.0,-171.0,2028.0,-1473.0,353.0,1447.0,0.0,100977.7,42.5,385
1,0,0,0,49.2171555,49.2171249,2.4056847,2.4057021,50.9,50.2,-0.08,0.11,-47.0,-171.0,2030.0,-1473.0,354.0,1447.0,0.0,100977.7,42.1,385
1,0,0,0,49.2171555,49.2171288,2.4056847,2.4057021,50.9,50.2,-0.01,0.15,-45.0,-237.0,2029.0,-2039.0,351.0,457.0,0.0,100976.9,42.1,386
1,0,0,0,49.2171555,49.2171288,2.4056847,2.4057021,50.9,50.1,-0.01,0.12,-46.0,14.0,2026.0,-2033.0,350.0,418.0,0.0,100976.9,42.1,386
1,0,0,0,49.2171555,49.2171288,2.4056849,2.4057021,50.9,50.1,-0.03,0.12,-49.0,-17.0,2030.0,-2064.0,357.0,543.0,0.0,100977.1,42.7,386
1,0,0,0,49.2171555,49.2171288,2.4056849,2.4057021,50.9,50.1,-0.03,0.12,-38.0,-17.0,2039.0,-2064.0,348.0,543.0,0.0,100977.6,42.7,386
1,0,0,0,49.2171555,49.2171288,2.4056852,2.4057016,50.8,50.0,-0.07,0.05,-46.0,52.0,2031.0,-1985.0,354.0,608.0,0.0,100977.6,42.5,386
1,0,0,0,49.2171555,49.2171288,2.4056852,2.4057016,50.8,50.1,-0.07,0.05,-44.0,39.0,2028.0,-1990.0,353.0,606.0,0.0,100977.0,42.3,387
1,0,0,0,49.2171555,49.2171288,2.4056857,2.4057014,50.8,50.0,-0.02,0.13,-45.0,22.0,2028.0,-1992.0,352.0,488.0,0.0,100977.0,42.5,387
1,0,0,0,49.2171555,49.2171288,2.4056859,2.4057014,50.8,50.0,0.01,0.13,-43.0,22.0,2028.0,-1992.0,359.0,488.0,0.0,100976.6,42.8,387
1,0,0,0,49.2171593,49.2171249,2.4056859,2.4057012,50.8,49.9,0.01,0.13,-44.0,-1280.0,2045.0,-1936.0,350.0,733.0,0.0,100977.0,42.1,387
1,0,0,0,49.2171555,49.2171288,2.4056859,2.4057012,50.7,49.9,-0.02,0.15,-46.0,357.0,2033.0,-2119.0,352.0,725.0,0.0,100977.0,43.0,387
1,0,0,0,49.2171593,49.2171288,2.4056859,2.4057012,50.8,49.9,-0.02,0.15,-43.0,128.0,2031.0,-2678.0,354.0,1106.0,0.0,100978.2,42.1,388
1,0,0,0,49.2171593,49.2171249,2.4056864,2.4057004,50.7,50.1,-0.12,0.04,-47.0,-155.0,2029.0,-2101.0,353.0,573.0,0.0,100978.2,42.5,388
1,0,0,0,49.2171593,49.2171249,2.4056869,2.4057004,50.7,50.0,-0.22,0.21,-49.0,21.0,2027.0,-1507.0,349.0,637.0,0.0,100979.4,42.1,388
1,0,0,0,49.2171593,49.2171288,2.4056869,2.4057,50.6,50.1,-0.22,0.21,-24.0,156.0,2017.0,-1636.0,348.0,525.0,0.0,100980.1,42.3,388
1,0,0,0,49.2171593,49.2171288,2.4056869,2.4057,50.6,50.1,-0.22,0.21,-24.0,156.0,2017.0,-1636.0,348.0,525.0,0.0,100980.1,42.3,388
1,0,0,0,49.2171593,49.2171288,2.4056869,2.4057,50.6,50.1,-0.22,0.14,-24.0,1213.0,2017.0,-2750.0,348.0,1105.0,0.0,100980.1,42.3,388
1,0,0,0,49.2171593,49.2171288,2.4056869,2.4057,50.6,50.0,-0.27,0.12,-43.0,478.0,2038.0,-2082.0,353.0,746.0,0.0,100980.0,42.8,389
1,0,0,0,49.2171593,49.2171249,2.4056869,2.4057,50.6,50.0,-0.27,0.16,-43.0,318.0,2038.0,-1943.0,353.0,676.0,0.0,100980.0,42.8,389
1,0,0,0,49.2171593,49.2171249,2.4056869,2.4057002,50.7,49.9,-0.22,0.16,-40.0,252.0,2024.0,-1955.0,359.0,577.0,0.0,100979.4,42.1,389
1,0,0,0,49.2171593,49.2171249,2.4056866,2.4057004,50.7,49.9,-0.21,0.24,-36.0,299.0,2033.0,-1951.0,354.0,653.0,0.0,100979.3,42.7,389
1,0,0,0,49.2171593,49.2171249,2.4056864,2.4057004,50.7,49.8,-0.21,0.24,-55.0,288.0,2031.0,-1932.0,350.0,608.0,0.0,100978.9,42.5,390
1,0,0,0,49.2171555,49.2171249,2.4056866,2.4057004,50.7,49.8,-0.18,0.26,-51.0,303.0,2028.0,-1969.0,357.0,671.0,0.0,100978.9,42.1,390
1,0,0,0,49.2171555,49.2171249,2.4056864,2.4057004,50.7,49.8,-0.14,0.35,-39.0,321.0,2029.0,-1954.0,356.0,609.0,0.0,100978.4,42.3,390
1,0,0,0,49.2171555,49.2171249,2.4056861,2.4057004,50.7,49.8,-0.14,0.35,-43.0,334.0,2028.0,-1948.0,350.0,624.0,0.0,100978.4,42.5,390
1,0,0,0,49.2171555,49.2171249,2.4056861,2.4057004,50.8,49.8,-0.07,0.33,-56.0,323.0,2037.0,-1931.0,351.0,619.0,0.0,100977.6,42.7,390
1,0,0,0,49.2171555,49.2171249,2.4056859,2.4057004,50.8,49.7,-0.07,0.33,-36.0,821.0,2032.0,-1004.0,348.0,28.0,0.0,100977.2,43.0,391
1,0,0,0,49.2171555,49.2171249,2.4056864,2.4057012,50.7,49.4,-0.04,0.39,-45.0,651.0,2025.0,-2152.0,348.0,826.0,0.0,100977.2,42.5,391
1,0,0,0,49.2171555,49.2171249,2.4056864,2.4057021,50.7,49.0,0.01,0.15,-55.0,669.0,2029.0,-2464.0,354.0,910.0,0.0,100976.7,42.1,391
1,0,0,0,49.2171555,49.2171249,2.4056864,2.4057021,50.8,49.1,0.01,0.15,-42.0,403.0,2026.0,-1894.0,345.0,298.0,0.0,100976.7,42.3,391
1,0,0,0,49.2171555,49.2171249,2.4056864,2.4057019,50.7,49.1,0.03,0.14,-39.0,29.0,2022.0,-2009.0,343.0,435.0,0.0,100976.4,42.3,391
1,0,0,0,49.2171555,49.2171249,2.4056859,2.4057016,50.8,49.2,0.03,0.14,-51.0,76.0,2025.0,-2050.0,349.0,697.0,0.0,100976.2,42.5,392
1,0,0,0,49.2171555,49.2171249,2.4056864,2.4057016,50.7,49.3,0.04,0.14,-48.0,39.0,2028.0,-2005.0,356.0,544.0,0.0,100976.2,42.1,392
1,0,0,0,49.2171555,49.2171249,2.4056864,2.4057016,50.7,49.3,0.09,0.18,-33.0,43.0,2023.0,-2005.0,192.0,546.0,0.0,100975.6,42.3,392
1,0,0,0,49.2171555,49.2171249,2.4056864,2.4057016,50.7,49.4,0.09,0.18,154.0,35.0,2992.0,-2012.0,756.0,542.0,0.0,100975.6,42.1,392
1,0,0,0,49.2171555,49.2171249,2.4056866,2.4057016,50.7,49.3,0.18,0.24,-306.0,44.0,2161.0,-2006.0,698.0,529.0,0.0,100974.6,42.2,392
1,0,0,0,49.2171555,49.2171249,2.4056871,2.4057014,50.7,49.3,0.18,0.24,-178.0,42.0,1716.0,-2005.0,491.0,539.0,0.0,100972.4,42.3,393
1,0,0,0,49.2171555,49.2171249,2.4056883,2.4057016,50.7,49.2,0.36,0.24,244.0,31.0,1839.0,-2004.0,312.0,538.0,0.0,100972.4,42.5,393
1,0,0,0,49.2171555,49.2171249,2.405688,2.4057016,50.7,49.2,0.36,0.29,522.0,37.0,1927.0,-2008.0,88.0,529.0,0.0,100971.8,42.1,393
1,0,0,0,49.2171555,49.2171249,2.4056883,2.4057016,50.7,49.1,0.41,0.29,228.0,38.0,2094.0,-2059.0,263.0,529.0,0.0,100971.8,42.1,393
1,0,0,0,49.2171555,49.2171249,2.4056888,2.4057019,50.7,49.0,0.45,0.3,589.0,29.0,1694.0,-2004.0,65.0,536.0,0.0,100971.4,42.1,393
1,0,0,0,49.2171516,49.2171249,2.4056897,2.4057021,50.7,48.9,0.45,0.3,994.0,32.0,1621.0,-2016.0,-236.0,549.0,0.0,100971.5,42.1,394
1,0,0,0,49.2171516,49.2171249,2.4056897,2.4057021,50.7,48.9,0.45,0.3,994.0,32.0,1621.0,-2016.0,-236.0,549.0,0.0,100971.5,42.1,394
1,0,0,0,49.2171516,49.2171249,2.4056897,2.4057021,50.7,48.9,0.44,0.32,842.0,36.0,1994.0,-2006.0,-378.0,532.0,0.0,100971.5,42.8,394
1,0,0,0,49.2171516,49.2171249,2.4056897,2.4057021,50.7,48.9,0.44,0.33,660.0,37.0,1786.0,-2010.0,-205.0,532.0,0.0,100971.5,42.5,394
1,0,0,0,49.2171516,49.2171249,2.40569,2.4057021,50.7,48.9,0.43,0.3,775.0,36.0,1953.0,-2008.0,-156.0,539.0,0.0,100971.7,42.3,394
1,0,0,0,49.2171516,49.2171249,2.40569,2.4057024,50.7,48.8,0.43,0.31,746.0,37.0,1917.0,-2004.0,-173.0,533.0,0.0,100971.6,42.5,395
1,0,0,0,49.2171516,49.2171249,2.40569,2.4057024,50.7,48.8,0.43,0.31,737.0,37.0,1916.0,-2004.0,-183.0,533.0,0.0,100971.6,42.1,395
1,0,0,0,49.2171516,49.2171249,2.4056902,2.4057024,50.7,48.8,0.43,0.31,726.0,37.0,2048.0,-2005.0,-143.0,539.0,0.0,100971.5,42.1,395
1,0,0,0,49.2171516,49.2171249,2.4056902,2.4057024,50.7,48.8,0.44,0.31,646.0,39.0,1889.0,-2008.0,-126.0,534.0,0.0,100971.5,42.7,395
1,0,0,0,49.2171516,49.2171249,2.4056904,2.4057024,50.7,48.8,0.44,0.31,702.0,37.0,1956.0,-2006.0,-165.0,531.0,0.0,100971.5,42.8,395
1,0,0,0,49.2171516,49.2171249,2.4056902,2.4057024,50.7,48.7,0.44,0.31,662.0,36.0,1860.0,-2007.0,-178.0,536.0,0.0,100971.5,42.5,396
1,0,0,0,49.2171516,49.2171249,2.4056904,2.4057024,50.7,48.7,0.46,0.3,634.0,32.0,1928.0,-2006.0,-158.0,539.0,0.0,100971.2,42.1,396
1,0,0,0,49.2171516,49.2171249,2.4056902,2.4057024,50.7,48.6,0.46,0.32,636.0,41.0,1958.0,-2002.0,-174.0,535.0,0.0,100971.3,42.3,396
1,0,0,0,49.2171516,49.2171249,2.4056904,2.4057026,50.7,48.5,0.45,0.32,607.0,39.0,1934.0,-2005.0,-154.0,533.0,0.0,100971.3,42.1,396
1,0,0,0,49.2171516,49.2171249,2.4056904,2.4057026,50.7,48.5,0.45,0.32,607.0,39.0,1934.0,-2005.0,-154.0,533.0,0.0,100971.3,42.1,396
1,0,0,0,49.2171516,49.2171249,2.4056904,2.4057026,50.7,48.4,0.44,0.32,737.0,40.0,1339.0,-2006.0,-1209.0,536.0,0.0,100971.5,42.1,397
1,0,0,0,49.2171516,49.2171249,2.40569,2.4057028,50.8,48.3,0.43,0.32,755.0,37.0,957.0,-2011.0,-1714.0,545.0,0.0,100971.7,42.3,397
1,0,0,0,49.2171516,49.2171249,2.40569,2.4057028,50.8,48.3,0.43,0.3,619.0,42.0,733.0,-2010.0,-1782.0,536.0,0.0,100971.7,42.5,397
1,0,0,0,49.2171516,49.2171211,2.40569,2.4057028,50.8,48.2,0.42,0.3,590.0,38.0,735.0,-2001.0,-1918.0,535.0,0.0,100971.7,42.0,397
1,0,0,0,49.2171516,49.2171249,2.40569,2.4057026,50.8,48.2,0.45,0.32,887.0,39.0,-103.0,-2005.0,-1824.0,537.0,0.0,100971.3,42.3,397
1,0,0,0,49.2171516,49.2171211,2.4056897,2.4057026,50.8,48.1,0.45,0.32,766.0,157.0,-332.0,-1764.0,-1645.0,452.0,0.0,100971.3,42.0,398
1,0,0,0,49.2171516,49.2171211,2.40569,2.4057024,50.8,48.1,0.43,0.31,828.0,38.0,132.0,-2012.0,-2000.0,512.0,0.0,100971.6,42.5,398
1,0,0,0,49.2171516,49.2171211,2.40569,2.4057024,50.8,47.9,0.43,0.3,809.0,34.0,1275.0,-1991.0,-1255.0,489.0,0.0,100971.7,42.1,398
1,0,0,0,49.2171516,49.2171211,2.40569,2.4057024,50.8,47.8,0.43,0.3,809.0,38.0,1275.0,-2004.0,-1255.0,543.0,0.0,100971.7,42.1,398
1,0,0,0,49.2171516,49.2171211,2.4056904,2.4057024,50.8,47.8,0.42,0.3,323.0,38.0,2093.0,-2004.0,-302.0,543.0,0.0,100971.8,42.7,398
1,0,0,0,49.2171516,49.2171211,2.4056904,2.4057021,50.8,47.7,0.41,0.29,334.0,38.0,2079.0,-2004.0,-351.0,534.0,0.0,100971.8,42.5,399
1,0,0,0,49.2171516,49.2171211,2.4056902,2.4057024,50.8,47.7,0.4,0.27,486.0,34.0,1824.0,-2010.0,-411.0,542.0,0.0,100972.0,42.5,399
1,0,0,0,49.2171516,49.2171211,2.4056904,2.4057024,50.9,47.6,0.4,0.26,-154.0,34.0,1746.0,-2003.0,-805.0,536.0,0.0,100972.8,42.1,399
1,0,0,0,49.2171516,49.2171211,2.40569,2.4057024,50.8,47.5,0.43,0.26,809.0,37.0,1275.0,-2002.0,-1255.0,536.0,0.0,100971.7,42.1,398
1,0,0,0,49.2171555,49.2171211,2.40569,2.4057026,51.0,47.5,0.33,0.26,365.0,37.0,1061.0,-1990.0,-470.0,511.0,0.0,100972.8,43.0,399
1,0,0,0,49.2171555,49.2171211,2.4056904,2.4057026,51.1,47.5,0.33,0.26,-1223.0,37.0,2452.0,-2008.0,790.0,534.0,0.0,100972.8,42.1,400
1,0,0,0,49.2171555,49.2171211,2.4056904,2.4057028,51.1,47.5,0.33,0.24,-1223.0,39.0,2452.0,-2009.0,790.0,527.0,0.0,100972.8,42.1,400
1,0,0,0,49.2171516,49.2171211,2.4056909,2.4057026,51.1,47.5,0.16,0.25,-631.0,31.0,2186.0,-2005.0,388.0,537.0,0.0,100975.1,42.5,400
1,0,0,0,49.2171516,49.2171211,2.4056909,2.4057026,51.0,47.5,0.14,0.26,-506.0,37.0,1983.0,-2001.0,246.0,549.0,0.0,100975.1,42.3,400
1,0,0,0,49.2171555,49.2171211,2.4056909,2.4057026,51.0,47.5,0.14,0.26,-24.0,37.0,985.0,-2001.0,-137.0,549.0,0.0,100975.0,42.5,400
1,0,0,0,49.2171516,49.2171211,2.4056916,2.4057024,51.0,47.5,0.15,0.26,5.0,13.0,2049.0,-1959.0,414.0,544.0,0.0,100975.0,42.5,401
1,0,0,0,49.2171516,49.2171211,2.4056916,2.4057024,51.0,47.4,0.15,0.3,-8.0,30.0,2029.0,-2008.0,359.0,542.0,0.0,100975.0,42.5,401
1,0,0,0,49.2171555,49.2171211,2.4056919,2.4057024,50.9,47.4,0.15,0.3,-18.0,30.0,2031.0,-2008.0,351.0,542.0,0.0,100974.7,42.5,401
1,0,0,0,49.2171555,49.2171211,2.4056919,2.4057024,50.9,47.4,0.15,0.3,-18.0,34.0,2031.0,-2004.0,351.0,542.0,0.0,100974.7,42.5,401
1,0,0,0,49.2171555,49.2171211,2.4056919,2.4057021,50.9,47.3,0.15,0.29,-18.0,37.0,2031.0,-2008.0,351.0,533.0,0.0,100974.7,42.5,401
1,0,0,0,49.2171555,49.2171211,2.4056919,2.4057021,50.9,47.3,0.15,0.29,-18.0,43.0,2031.0,-2006.0,351.0,538.0,0.0,100974.7,42.5,401
1,0,0,0,49.2171555,49.2171211,2.4056919,2.4057021,50.9,47.2,0.15,0.27,-18.0,33.0,2031.0,-2003.0,351.0,545.0,0.0,100974.7,42.5,401
1,0,0,0,49.2171555,49.2171211,2.4056919,2.4057021,50.9,47.2,0.15,0.28,-18.0,38.0,2031.0,-1999.0,351.0,534.0,0.0,100974.7,42.5,401
1,0,0,0,49.2171555,49.2171211,2.4056919,2.4057021,50.9,47.1,0.15,0.28,-18.0,43.0,2031.0,-2007.0,351.0,537.0,0.0,100974.7,42.5,401
1,0,0,0,49.2171555,49.2171211,2.4056919,2.4057021,50.9,47.1,0.15,0.24,-18.0,36.0,2031.0,-2006.0,351.0,538.0,0.0,100974.7,42.5,401
1,0,0,0,49.2171555,49.2171211,2.4056919,2.4057021,50.9,47.1,0.15,0.24,-18.0,37.0,2031.0,-2002.0,351.0,541.0,0.0,100974.7,42.5,401
1,0,0,0,49.2171555,49.2171211,2.4056914,2.4057021,50.8,47.0,0.11,0.23,-23.0,42.0,2028.0,-2004.0,348.0,536.0,0.0,100975.4,42.1,403
1,0,0,0,49.2171555,49.2171211,2.4056916,2.4057019,50.8,47.0,0.11,0.24,-24.0,38.0,2036.0,-2006.0,348.0,542.0,0.0,100975.4,42.5,403
1,0,0,0,49.2171555,49.2171211,2.4056916,2.4057019,50.8,47.0,0.11,0.24,-24.0,38.0,2036.0,-2006.0,348.0,542.0,0.0,100975.4,42.5,403
1,0,0,0,49.2171555,49.2171211,2.4056916,2.4057016,50.8,47.0,0.1,0.22,-23.0,44.0,2031.0,-2003.0,348.0,542.0,0.0,100975.9,42.2,403
1,0,0,0,49.2171555,49.2171211,2.4056914,2.4057016,50.8,46.9,0.07,0.22,-20.0,37.0,2030.0,-2003.0,344.0,532.0,0.0,100975.9,42.7,404
1,0,0,0,49.2171555,49.2171211,2.4056916,2.4057016,50.7,46.9,0.08,0.19,-25.0,38.0,2031.0,-2002.0,346.0,537.0,0.0,100975.8,42.3,404
1,0,0,0,49.2171555,49.2171211,2.4056916,2.4057016,50.7,47.0,0.08,0.19,-25.0,38.0,2031.0,-2004.0,346.0,548.0,0.0,100975.8,42.3,404
1,0,0,0,49.2171516,49.2171211,2.4056919,2.4057016,50.7,47.0,0.05,0.19,-19.0,38.0,2028.0,-2004.0,342.0,548.0,0.0,100976.1,42.5,404
1,0,0,0,49.2171516,49.2171211,2.4056919,2.4057012,50.7,47.1,0.05,0.18,-19.0,35.0,2028.0,-1999.0,342.0,537.0,0.0,100976.1,42.5,404
1,0,0,0,49.2171516,49.2171211,2.4056919,2.4057012,50.7,47.1,0.05,0.18,-19.0,35.0,2028.0,-1999.0,342.0,537.0,0.0,100976.1,42.5,404
1,0,0,0,49.2171516,49.2171249,2.4056919,2.4057009,50.7,47.3,0.05,0.18,-19.0,38.0,2028.0,-2009.0,342.0,532.0,0.0,100976.1,42.5,404
1,0,0,0,49.2171516,49.2171249,2.4056919,2.4057002,50.7,47.7,0.05,0.18,-19.0,40.0,2028.0,-2006.0,342.0,535.0,0.0,100976.1,42.5,404
1,0,0,0,49.2171516,49.2171249,2.4056921,2.4057002,50.6,47.7,0.03,0.18,-23.0,40.0,2033.0,-2006.0,335.0,535.0,0.0,100976.3,42.7,405
1,0,0,0,49.2171516,49.2171249,2.4056921,2.4057002,50.6,47.7,0.03,0.17,-23.0,39.0,2033.0,-2003.0,335.0,533.0,0.0,100976.3,42.7,405
1,0,0,0,49.2171516,49.2171249,2.4056921,2.4057002,50.6,47.7,0.02,0.17,-28.0,33.0,2034.0,-2006.0,347.0,549.0,0.0,100976.6,42.1,406
1,0,0,0,49.2171516,49.2171249,2.4056921,2.4057002,50.6,47.7,0.03,0.15,-23.0,34.0,2033.0,-2003.0,335.0,545.0,0.0,100976.3,42.7,405
1,0,0,0,49.2171516,49.2171249,2.4056921,2.4057002,50.6,47.7,0.03,0.15,-23.0,35.0,2033.0,-2007.0,335.0,533.0,0.0,100976.3,42.7,405
1,0,0,0,49.2171516,49.2171249,2.4056921,2.4057004,50.6,47.8,0.0,0.13,-20.0,41.0,2034.0,-2004.0,346.0,532.0,0.0,100976.8,42.1,406
1,0,0,0,49.2171516,49.2171249,2.4056921,2.4057,50.6,47.8,0.0,0.13,-20.0,40.0,2034.0,-1999.0,346.0,538.0,0.0,100976.8,42.1,406
1,0,0,0,49.2171516,49.2171249,2.4056921,2.4057002,50.7,47.8,-0.0,0.13,-23.0,37.0,2029.0,-2005.0,339.0,543.0,0.0,100976.8,42.7,407
1,0,0,0,49.2171516,49.2171249,2.4056923,2.4057,50.6,47.9,-0.0,0.14,-17.0,36.0,2032.0,-1998.0,339.0,533.0,0.0,100976.2,42.5,407
1,0,0,0,49.2171516,49.2171249,2.4056923,2.4057,50.6,47.9,0.04,0.14,-22.0,36.0,2028.0,-1998.0,340.0,533.0,0.0,100976.2,42.5,407
1,0,0,0,49.2171516,49.2171249,2.4056923,2.4057,50.7,47.8,0.03,0.21,-28.0,39.0,2032.0,-2005.0,338.0,543.0,0.0,100976.4,42.5,407
1,0,0,0,49.2171516,49.2171249,2.4056923,2.4057,50.7,47.9,0.03,0.18,-28.0,46.0,2032.0,-2005.0,338.0,541.0,0.0,100976.4,42.5,407
1,0,0,0,49.2171516,49.2171249,2.4056923,2.4057,50.7,47.9,0.03,0.18,-28.0,36.0,2032.0,-2003.0,338.0,539.0,0.0,100976.4,42.5,407
1,0,0,0,49.2171516,49.2171249,2.4056923,2.4057002,50.7,47.9,0.02,0.15,-17.0,36.0,2031.0,-2008.0,342.0,537.0,0.0,100976.5,42.7,408
1,0,0,0,49.2171516,49.2171249,2.4056923,2.4057,50.7,47.9,0.05,0.15,-23.0,35.0,2028.0,-2003.0,342.0,547.0,0.0,100976.2,42.7,408
1,0,0,0,49.2171516,49.2171249,2.4056923,2.4057,50.7,47.9,0.05,0.15,-23.0,35.0,2028.0,-2003.0,342.0,547.0,0.0,100976.2,42.7,408
1,0,0,0,49.2171516,49.2171249,2.4056923,2.4057,50.7,47.9,0.05,0.21,-23.0,39.0,2028.0,-2003.0,342.0,536.0,0.0,100976.2,42.7,408
1,0,0,0,49.2171516,49.2171249,2.4056923,2.4057,50.7,47.9,0.01,0.21,-17.0,39.0,2029.0,-2003.0,335.0,536.0,0.0,100976.6,42.5,408
1,0,0,0,49.2171516,49.2171249,2.4056923,2.4057,50.7,47.9,-0.01,0.12,-23.0,35.0,2031.0,-1999.0,336.0,544.0,0.0,100976.8,42.7,409
1,0,0,0,49.2171516,49.2171249,2.4056926,2.4057,50.7,47.9,-0.0,0.12,-25.0,35.0,2031.0,-2004.0,339.0,539.0,0.0,100976.8,42.5,409
1,0,0,0,49.2171516,49.2171249,2.4056928,2.4057,50.7,47.9,-0.01,0.12,-17.0,34.0,2035.0,-2004.0,340.0,542.0,0.0,100976.9,42.5,409
1,0,0,0,49.2171516,49.2171249,2.4056928,2.4057,50.7,48.0,-0.01,0.13,-17.0,38.0,2035.0,-2002.0,340.0,532.0,0.0,100976.9,42.5,409
1,0,0,0,49.2171516,49.2171249,2.4056923,2.4057,50.8,48.0,-0.01,0.13,-24.0,39.0,2031.0,-2004.0,343.0,540.0,0.0,100976.9,42.8,410
1,0,0,0,49.2171516,49.2171249,2.4056928,2.4057,50.8,48.1,-0.01,0.11,-17.0,38.0,2031.0,-2003.0,334.0,543.0,0.0,100976.6,42.5,410
1,0,0,0,49.2171516,49.2171249,2.4056928,2.4056997,50.8,48.1,0.01,0.11,-23.0,36.0,2028.0,-2005.0,329.0,530.0,0.0,100976.6,42.5,410
1,0,0,0,49.2171516,49.2171249,2.4056928,2.4056995,50.8,48.3,0.01,0.14,-30.0,41.0,2030.0,-2004.0,341.0,540.0,0.0,100976.6,43.0,410
1,0,0,0,49.2171516,49.2171249,2.4056928,2.4056995,50.8,48.3,0.01,0.14,-26.0,41.0,2029.0,-2004.0,335.0,540.0,0.0,100976.6,41.8,410
1,0,0,0,49.2171516,49.2171288,2.4056931,2.4056995,50.8,48.3,0.02,0.14,-18.0,39.0,2034.0,-2006.0,334.0,541.0,0.0,100976.6,42.3,411
1,0,0,0,49.2171516,49.2171288,2.4056928,2.4056993,50.8,48.4,0.02,0.11,-23.0,39.0,2033.0,-2003.0,344.0,537.0,0.0,100977.1,42.5,411
1,0,0,0,49.2171516,49.2171288,2.4056931,2.4056993,50.8,48.5,-0.03,0.11,-25.0,36.0,2031.0,-2007.0,332.0,546.0,0.0,100977.1,42.5,411
1,0,0,0,49.2171516,49.2171288,2.4056931,2.4056993,50.8,48.5,-0.03,0.09,-25.0,39.0,2029.0,-2006.0,334.0,541.0,0.0,100976.7,42.2,411
1,0,0,0,49.2171516,49.2171288,2.4056933,2.4056988,50.8,48.6,0.01,0.11,-21.0,36.0,2026.0,-2004.0,333.0,533.0,0.0,100976.7,42.3,411
1,0,0,0,49.2171516,49.2171288,2.4056933,2.4056988,50.8,48.7,0.01,0.11,-21.0,36.0,2026.0,-2008.0,333.0,529.0,0.0,100976.7,42.3,411
1,0,0,0,49.2171516,49.2171288,2.4056933,2.4056988,50.8,48.7,-0.02,0.11,-28.0,36.0,2032.0,-2008.0,342.0,529.0,0.0,100976.6,42.3,412
1,0,0,0,49.2171516,49.2171288,2.4056933,2.4056983,50.8,48.8,-0.02,0.1,-28.0,32.0,2032.0,-2001.0,342.0,539.0,0.0,100976.6,42.3,412
1,0,0,0,49.2171516,49.2171326,2.4056931,2.4056983,50.8,48.9,-0.03,0.13,-25.0,38.0,2029.0,-2005.0,334.0,541.0,0.0,100976.7,42.2,411
1,0,0,0,49.2171516,49.2171326,2.4056931,2.4056983,50.8,48.9,-0.03,0.15,-25.0,33.0,2029.0,-1997.0,334.0,539.0,0.0,100976.7,42.2,411
1,0,0,0,49.2171516,49.2171326,2.4056931,2.4056981,50.8,49.0,-0.03,0.15,-25.0,38.0,2029.0,-2005.0,334.0,537.0,0.0,100976.7,42.2,411
1,0,0,0,49.2171516,49.2171326,2.4056931,2.4056981,50.8,49.0,-0.03,0.15,-25.0,38.0,2029.0,-2005.0,334.0,537.0,0.0,100976.7,42.2,411
1,0,0,0,49.2171516,49.2171326,2.4056933,2.4056981,50.8,49.0,0.06,0.13,-26.0,40.0,2028.0,-2001.0,345.0,536.0,0.0,100976.1,42.5,413
1,0,0,0,49.2171516,49.2171326,2.4056933,2.4056978,50.8,49.1,0.06,0.15,-26.0,40.0,2028.0,-2008.0,345.0,552.0,0.0,100976.1,42.5,413
1,0,0,0,49.2171516,49.2171326,2.4056933,2.4056981,50.8,49.1,0.05,0.17,-19.0,38.0,2034.0,-2009.0,331.0,536.0,0.0,100976.1,42.7,413
1,0,0,0,49.2171516,49.2171326,2.4056933,2.4056981,50.8,49.1,0.03,0.17,-24.0,38.0,2030.0,-2009.0,338.0,536.0,0.0,100976.5,42.7,412
1,0,0,0,49.2171516,49.2171326,2.4056933,2.4056978,50.8,49.1,0.03,0.15,-24.0,39.0,2030.0,-1999.0,338.0,532.0,0.0,100976.5,42.7,412
1,0,0,0,49.2171516,49.2171326,2.4056933,2.4056978,50.8,49.1,0.03,0.15,-24.0,39.0,2030.0,-1999.0,338.0,532.0,0.0,100976.5,42.7,412
1,0,0,0,49.2171516,49.2171326,2.4056933,2.4056978,50.8,49.1,0.03,0.15,-24.0,38.0,2030.0,-2002.0,338.0,547.0,0.0,100976.5,42.7,412
1,0,0,0,49.2171555,49.2171326,2.4056933,2.4056976,50.9,49.1,0.07,0.16,-24.0,36.0,2031.0,-2006.0,338.0,532.0,0.0,100975.9,42.1,414
1,0,0,0,49.2171555,49.2171326,2.4056933,2.4056978,50.9,49.1,0.07,0.16,-24.0,42.0,2031.0,-2006.0,338.0,538.0,0.0,100975.9,42.1,414
1,0,0,0,49.2171555,49.2171326,2.4056933,2.4056978,50.9,49.1,0.06,0.17,-25.0,40.0,2030.0,-2006.0,343.0,545.0,0.0,100976.1,42.5,415
1,0,0,0,49.2171555,49.2171326,2.4056933,2.4056981,50.9,49.1,0.06,0.15,-25.0,39.0,2030.0,-2004.0,343.0,532.0,0.0,100976.1,42.5,415
1,0,0,0,49.2171555,49.2171326,2.4056933,2.4056981,50.9,49.1,0.05,0.15,-24.0,39.0,2031.0,-2004.0,336.0,532.0,0.0,100976.5,42.3,415
1,0,0,0,49.2171555,49.2171326,2.4056933,2.4056981,50.9,49.1,0.05,0.15,-24.0,39.0,2031.0,-2004.0,336.0,532.0,0.0,100976.5,42.3,415
1,0,0,0,49.2171555,49.2171326,2.4056933,2.4056981,50.9,49.1,0.05,0.14,-24.0,42.0,2031.0,-2000.0,336.0,537.0,0.0,100976.5,42.3,415
1,0,0,0,49.2171555,49.2171326,2.4056933,2.4056981,50.9,49.2,0.01,0.13,-19.0,35.0,2033.0,-2005.0,334.0,535.0,0.0,100976.6,42.7,416
1,0,0,0,49.2171555,49.2171326,2.4056931,2.4056981,50.9,49.2,-0.03,0.13,-19.0,35.0,2032.0,-2005.0,341.0,535.0,0.0,100977.1,42.1,416
1,0,0,0,49.2171555,49.2171326,2.4056933,2.4056981,50.9,49.2,0.01,0.11,-19.0,39.0,2033.0,-2006.0,334.0,544.0,0.0,100976.6,42.7,416
1,0,0,0,49.2171555,49.2171326,2.4056928,2.4056981,50.9,49.3,-0.01,0.1,-14.0,35.0,2032.0,-2004.0,333.0,535.0,0.0,100976.8,42.7,416
1,0,0,0,49.2171555,49.2171326,2.4056928,2.4056981,51.0,49.4,-0.01,0.1,-13.0,36.0,2029.0,-2004.0,328.0,536.0,0.0,100976.8,42.8,417
1,0,0,0,49.2171555,49.2171326,2.4056928,2.4056981,51.0,49.4,-0.01,0.13,-13.0,38.0,2029.0,-2005.0,328.0,531.0,0.0,100976.8,42.8,417
1,0,0,0,49.2171555,49.2171326,2.4056928,2.4056981,51.0,49.5,0.03,0.13,-28.0,37.0,2033.0,-2001.0,339.0,550.0,0.0,100976.3,42.3,417
1,0,0,0,49.2171555,49.2171326,2.4056933,2.4056981,50.9,49.5,0.03,0.15,-21.0,40.0,2028.0,-2004.0,332.0,540.0,0.0,100976.2,42.3,417
1,0,0,0,49.2171555,49.2171326,2.4056926,2.4056981,51.0,49.6,0.04,0.19,-24.0,41.0,2029.0,-2004.0,332.0,532.0,0.0,100976.2,42.5,417
1,0,0,0,49.2171555,49.2171326,2.4056926,2.4056981,51.0,49.6,0.04,0.19,-29.0,39.0,2029.0,-2001.0,339.0,536.0,0.0,100976.3,42.2,418
1,0,0,0,49.2171555,49.2171326,2.4056923,2.4056981,51.0,49.6,0.04,0.18,-24.0,33.0,2029.0,-2000.0,340.0,544.0,0.0,100976.3,41.9,418
1,0,0,0,49.2171555,49.2171326,2.4056923,2.4056981,51.0,49.7,0.07,0.18,-20.0,37.0,2028.0,-2007.0,336.0,535.0,0.0,100975.9,42.3,418
1,0,0,0,49.2171555,49.2171326,2.4056923,2.4056981,51.0,49.7,0.07,0.17,-25.0,38.0,2028.0,-2004.0,337.0,533.0,0.0,100976.0,43.0,418
1,0,0,0,49.2171555,49.2171326,2.4056921,2.4056981,51.0,49.8,0.06,0.22,-20.0,40.0,2031.0,-2003.0,339.0,541.0,0.0,100976.0,42.5,418
1,0,0,0,49.2171555,49.2171364,2.4056921,2.4056981,51.0,49.8,0.06,0.22,-18.0,37.0,2031.0,-2005.0,341.0,539.0,0.0,100976.0,42.5,419
1,0,0,0,49.2171555,49.2171364,2.4056921,2.4056978,51.0,49.9,0.07,0.19,-19.0,37.0,2030.0,-2005.0,334.0,544.0,0.0,100976.0,42.7,419
1,0,0,0,49.2171555,49.2171364,2.4056921,2.4056976,51.0,49.9,0.07,0.19,-25.0,35.0,2030.0,-2002.0,340.0,537.0,0.0,100975.9,42.5,419
1,0,0,0,49.2171555,49.2171364,2.4056921,2.4056976,51.0,50.0,0.07,0.18,-21.0,38.0,2030.0,-2009.0,346.0,539.0,0.0,100975.9,42.7,419
1,0,0,0,49.2171555,49.2171364,2.4056921,2.4056976,51.0,50.0,0.07,0.19,-28.0,40.0,2030.0,-2006.0,343.0,540.0,0.0,100975.9,42.7,419
1,0,0,0,49.2171555,49.2171364,2.4056921,2.4056976,51.0,50.1,0.07,0.19,-25.0,34.0,2032.0,-2004.0,338.0,538.0,0.0,100975.9,42.5,420
1,0,0,0,49.2171555,49.2171364,2.4056919,2.4056973,51.0,50.1,0.07,0.19,-23.0,35.0,2028.0,-2002.0,350.0,536.0,0.0,100975.9,42.7,420
1,0,0,0,49.2171555,49.2171364,2.4056921,2.4056971,51.0,50.1,0.08,0.19,-24.0,38.0,2030.0,-2006.0,343.0,538.0,0.0,100975.7,43.0,420
1,0,0,0,49.2171555,49.2171364,2.4056919,2.4056971,51.0,50.2,0.08,0.21,-27.0,35.0,2029.0,-2003.0,345.0,542.0,0.0,100975.3,42.5,420
1,0,0,0,49.2171555,49.2171364,2.4056919,2.4056971,51.0,50.2,0.08,0.24,-27.0,41.0,2029.0,-2011.0,345.0,539.0,0.0,100975.3,42.5,420
1,0,0,0,49.2171555,49.2171364,2.4056916,2.4056971,51.0,50.2,0.12,0.24,-26.0,37.0,2028.0,-2009.0,337.0,534.0,0.0,100975.1,42.5,421
1,0,0,0,49.2171555,49.2171364,2.4056916,2.4056971,51.0,50.3,0.14,0.26,-38.0,33.0,2029.0,-1993.0,335.0,540.0,0.0,100975.1,42.5,421
1,0,0,0,49.2171555,49.2171364,2.4056919,2.4056971,51.0,50.3,0.14,0.26,119.0,53.0,2413.0,-1997.0,227.0,546.0,0.0,100975.0,42.5,421
1,0,0,0,49.2171555,49.2171364,2.4056909,2.4056969,51.0,50.3,0.14,0.28,-159.0,40.0,2198.0,-2006.0,937.0,541.0,0.0,100975.0,42.5,421
1,0,0,0,49.2171555,49.2171402,2.4056911,2.4056969,51.0,50.3,0.23,0.28,-548.0,33.0,1637.0,-2007.0,171.0,533.0,0.0,100974.0,42.7,421
1,0,0,0,49.2171555,49.2171364,2.4056909,2.4056971,51.0,50.3,0.23,0.28,745.0,57.0,1525.0,-2260.0,-923.0,528.0,0.0,100972.7,42.7,422
1,0,0,0,49.2171555,49.2171402,2.4056904,2.4056971,51.0,50.4,0.34,0.28,799.0,54.0,1842.0,-2018.0,2.0,592.0,0.0,100972.7,42.1,422
1,0,0,0,49.2171516,49.2171364,2.4056904,2.4056971,51.0,50.4,0.36,0.29,739.0,34.0,1871.0,-2002.0,-71.0,541.0,0.0,100972.5,42.8,422
1,0,0,0,49.2171516,49.2171364,2.4056904,2.4056971,51.0,50.4,0.36,0.29,437.0,34.0,1946.0,-2002.0,-93.0,541.0,0.0,100972.5,42.3,422
1,0,0,0,49.2171516,49.2171402,2.4056902,2.4056971,51.1,50.5,0.37,0.3,383.0,35.0,1957.0,-2001.0,-58.0,540.0,0.0,100972.3,42.1,422
1,0,0,0,49.2171516,49.2171402,2.40569,2.4056971,51.1,50.5,0.37,0.3,343.0,34.0,1981.0,-2005.0,-162.0,551.0,0.0,100972.3,42.8,423
1,0,0,0,49.2171478,49.2171402,2.40569,2.4056973,51.1,50.4,0.37,0.28,343.0,34.0,2010.0,-2003.0,-103.0,539.0,0.0,100972.3,42.7,423
1,0,0,0,49.2171478,49.2171364,2.40569,2.4056976,51.1,50.4,0.39,0.28,319.0,35.0,2016.0,-2006.0,-106.0,539.0,0.0,100972.1,42.7,423
1,0,0,0,49.2171478,49.2171364,2.4056897,2.4056976,51.1,50.4,0.39,0.31,315.0,37.0,2034.0,-2004.0,-108.0,541.0,0.0,100972.1,42.7,423
1,0,0,0,49.2171478,49.2171364,2.4056897,2.4056981,51.1,50.4,0.4,0.35,316.0,40.0,2018.0,-2002.0,-72.0,545.0,0.0,100971.9,42.5,423
1,0,0,0,49.217144,49.2171364,2.4056897,2.4056981,51.2,50.4,0.4,0.35,311.0,40.0,2020.0,-2002.0,-63.0,545.0,0.0,100972.1,42.5,424
1,0,0,0,49.217144,49.2171364,2.4056892,2.4056981,51.2,50.4,0.39,0.34,299.0,32.0,2027.0,-2008.0,-99.0,539.0,0.0,100972.1,42.5,424
1,0,0,0,49.217144,49.2171364,2.4056892,2.4056981,51.2,50.4,0.39,0.34,290.0,38.0,2026.0,-2005.0,-79.0,549.0,0.0,100972.3,42.5,424
1,0,0,0,49.217144,49.2171364,2.4056892,2.4056983,51.2,50.5,0.37,0.32,305.0,36.0,2022.0,-2003.0,-70.0,547.0,0.0,100972.3,42.5,424
1,0,0,0,49.217144,49.2171364,2.4056888,2.4056983,51.3,50.5,0.35,0.29,205.0,35.0,2107.0,-2004.0,-24.0,544.0,0.0,100972.6,42.5,424
1,0,0,0,49.217144,49.2171364,2.4056888,2.4056985,51.3,50.5,0.35,0.29,206.0,34.0,2030.0,-2001.0,-49.0,537.0,0.0,100972.6,42.5,425
1,0,0,0,49.217144,49.2171364,2.4056888,2.4056988,51.3,50.6,0.34,0.26,54.0,39.0,1732.0,-2006.0,-281.0,537.0,0.0,100972.6,42.5,425
1,0,0,0,49.217144,49.2171364,2.4056888,2.4056988,51.3,50.6,0.34,0.26,-757.0,39.0,2031.0,-2006.0,-496.0,537.0,0.0,100973.0,42.5,425
1,0,0,0,49.217144,49.2171364,2.4056883,2.4056988,51.4,50.6,0.31,0.26,-1219.0,37.0,1801.0,-2000.0,-497.0,534.0,0.0,100973.0,42.5,425
1,0,0,0,49.217144,49.2171364,2.405688,2.4056993,51.4,50.5,0.37,0.26,-4250.0,37.0,2026.0,-2004.0,-1107.0,543.0,0.0,100972.3,42.8,425
1,0,0,0,49.217144,49.2171364,2.4056885,2.4056993,51.4,50.5,0.37,0.26,918.0,-107.0,750.0,-1224.0,-1288.0,714.0,0.0,100972.6,42.8,426
1,0,0,0,49.217144,49.2171364,2.4056885,2.4056997,51.4,50.5,0.37,0.26,918.0,47.0,750.0,-2063.0,-1288.0,610.0,0.0,100972.6,42.8,426
1,0,0,0,49.217144,49.2171364,2.4056888,2.4056997,51.4,50.5,0.35,0.26,-56.0,47.0,2083.0,-2063.0,784.0,610.0,0.0,100974.3,42.3,426
1,0,0,0,49.217144,49.2171364,2.4056883,2.4057,51.3,50.4,0.2,0.3,126.0,25.0,2120.0,-1998.0,260.0,552.0,0.0,100974.3,42.1,426
1,0,0,0,49.217144,49.2171364,2.4056888,2.4057,51.3,50.4,0.17,0.3,48.0,25.0,2058.0,-1998.0,465.0,552.0,0.0,100974.7,42.5,426
1,0,0,0,49.217144,49.2171364,2.4056888,2.4057,51.3,50.4,0.17,0.3,164.0,26.0,2063.0,-2004.0,362.0,540.0,0.0,100974.7,42.5,427
1,0,0,0,49.217144,49.2171364,2.4056888,2.4057,51.3,50.5,0.12,0.27,15.0,29.0,1964.0,-2001.0,491.0,538.0,0.0,100975.3,42.7,427
1,0,0,0,49.217144,49.2171364,2.405689,2.4057004,51.2,50.4,0.12,0.27,-57.0,28.0,1648.0,-2003.0,267.0,547.0,0.0,100975.4,42.8,427
1,0,0,0,49.217144,49.2171364,2.405689,2.4057004,51.2,50.5,0.12,0.25,-284.0,25.0,1913.0,-2001.0,293.0,554.0,0.0,100975.4,42.5,427
1,0,0,0,49.217144,49.2171364,2.4056892,2.4057,51.2,50.5,0.13,0.24,10.0,38.0,2078.0,-1997.0,338.0,537.0,0.0,100975.2,42.8,427
1,0,0,0,49.217144,49.2171364,2.4056895,2.4057,51.2,50.5,0.13,0.24,131.0,30.0,2102.0,-2001.0,114.0,541.0,0.0,100975.2,42.5,428
1,0,0,0,49.217144,49.2171364,2.4056892,2.4057,51.1,50.5,0.12,0.25,187.0,28.0,2083.0,-1999.0,30.0,546.0,0.0,100975.3,43.4,428
1,0,0,0,49.217144,49.2171364,2.4056892,2.4057,51.2,50.5,0.12,0.25,177.0,29.0,2067.0,-2005.0,304.0,551.0,0.0,100975.3,42.8,428
1,0,0,0,49.217144,49.2171364,2.4056892,2.4057,51.1,50.6,0.12,0.25,-75.0,30.0,2032.0,-2000.0,340.0,559.0,0.0,100975.3,42.5,428
1,0,0,0,49.217144,49.2171364,2.4056892,2.4057,51.2,50.6,0.1,0.24,-64.0,27.0,2001.0,-1997.0,407.0,548.0,0.0,100975.6,43.1,428
1,0,0,0,49.217144,49.2171402,2.4056892,2.4057,51.1,50.6,0.1,0.24,-51.0,21.0,2024.0,-2006.0,383.0,547.0,0.0,100975.6,42.1,429
1,0,0,0,49.217144,49.2171364,2.4056888,2.4057,51.2,50.6,0.09,0.21,-42.0,30.0,2026.0,-2005.0,384.0,544.0,0.0,100975.6,42.1,429
1,0,0,0,49.217144,49.2171402,2.4056892,2.4056997,51.2,50.7,0.09,0.21,-50.0,31.0,2021.0,-1999.0,390.0,551.0,0.0,100975.9,42.7,429
1,0,0,0,49.217144,49.2171402,2.4056892,2.4056997,51.2,50.7,0.07,0.21,-51.0,31.0,2025.0,-1999.0,388.0,551.0,0.0,100975.9,42.5,429
1,0,0,0,49.217144,49.2171402,2.4056892,2.4056995,51.2,50.8,0.05,0.2,-47.0,28.0,2027.0,-1999.0,388.0,548.0,0.0,100976.2,42.2,429
1,0,0,0,49.217144,49.2171402,2.4056892,2.4056993,51.2,50.9,0.05,0.2,-52.0,26.0,2024.0,-2001.0,381.0,541.0,0.0,100976.2,42.5,430
1,0,0,0,49.217144,49.2171402,2.405689,2.4056993,51.2,50.9,0.06,0.19,-49.0,27.0,2025.0,-2006.0,382.0,546.0,0.0,100976.1,43.0,430
1,0,0,0,49.217144,49.2171402,2.4056892,2.4056993,51.2,50.9,0.06,0.19,-47.0,33.0,2028.0,-2003.0,393.0,549.0,0.0,100976.3,42.5,430
1,0,0,0,49.217144,49.2171402,2.4056888,2.4056988,51.2,50.9,0.04,0.17,-50.0,33.0,2026.0,-2003.0,380.0,550.0,0.0,100976.3,42.5,430
1,0,0,0,49.217144,49.2171402,2.405689,2.4056985,51.2,51.0,0.04,0.17,-46.0,25.0,2025.0,-2004.0,378.0,540.0,0.0,100976.2,42.1,430
1,0,0,0,49.217144,49.2171402,2.4056892,2.4056983,51.2,51.1,0.05,0.2,-49.0,25.0,2027.0,-2006.0,385.0,547.0,0.0,100976.2,42.5,431
1,0,0,0,49.217144,49.2171402,2.4056892,2.4056983,51.2,51.1,0.06,0.2,-49.0,25.0,2025.0,-2006.0,389.0,547.0,0.0,100976.0,42.7,431
1,0,0,0,49.217144,49.2171402,2.4056892,2.4056981,51.2,51.1,0.06,0.2,-49.0,29.0,2025.0,-1998.0,377.0,547.0,0.0,100975.8,42.5,431
1,0,0,0,49.217144,49.217144,2.405689,2.4056981,51.2,51.1,0.08,0.22,-47.0,26.0,2024.0,-2001.0,379.0,544.0,0.0,100975.8,42.7,431
1,0,0,0,49.217144,49.217144,2.4056892,2.4056981,51.2,51.2,0.08,0.24,-48.0,27.0,2023.0,-2000.0,384.0,544.0,0.0,100975.4,42.6,431
1,0,0,0,49.217144,49.217144,2.4056892,2.4056978,51.2,51.2,0.11,0.24,-48.0,28.0,2027.0,-1999.0,385.0,550.0,0.0,100975.4,42.3,432
1,0,0,0,49.217144,49.217144,2.4056888,2.4056976,51.2,51.3,0.16,0.27,-46.0,30.0,2026.0,-2001.0,377.0,545.0,0.0,100974.9,42.7,432
1,0,0,0,49.217144,49.217144,2.4056888,2.4056976,51.2,51.3,0.16,0.27,-48.0,30.0,2026.0,-2001.0,381.0,545.0,0.0,100974.4,42.7,432
1,0,0,0,49.217144,49.217144,2.4056888,2.4056976,51.2,51.3,0.2,0.31,-52.0,26.0,2027.0,-2003.0,385.0,545.0,0.0,100974.4,42.5,432
1,0,0,0,49.217144,49.217144,2.4056888,2.4056976,51.2,51.4,0.2,0.36,-44.0,29.0,2025.0,-2004.0,380.0,553.0,0.0,100974.0,42.5,432
1,0,0,0,49.217144,49.217144,2.4056888,2.4056976,51.2,51.4,0.23,0.36,-49.0,28.0,2028.0,-2004.0,376.0,545.0,0.0,100974.0,42.5,433
1,0,0,0,49.217144,49.217144,2.4056888,2.4056973,51.2,51.5,0.19,0.37,-52.0,24.0,2025.0,-2002.0,380.0,543.0,0.0,100974.5,42.5,433
1,0,0,0,49.217144,49.217144,2.4056888,2.4056971,51.1,51.5,0.19,0.37,-50.0,28.0,2025.0,-2002.0,383.0,545.0,0.0,100974.5,43.0,433
1,0,0,0,49.217144,49.217144,2.4056888,2.4056971,51.2,51.5,0.2,0.35,-49.0,29.0,2025.0,-2002.0,375.0,549.0,0.0,100974.4,42.1,433
1,0,0,0,49.217144,49.217144,2.4056888,2.4056971,51.1,51.6,0.2,0.34,-50.0,29.0,2024.0,-2004.0,373.0,550.0,0.0,100974.4,42.5,433
1,0,0,0,49.217144,49.217144,2.4056888,2.4056971,51.1,51.6,0.2,0.34,-47.0,27.0,2026.0,-2000.0,376.0,542.0,0.0,100974.4,43.0,434
1,0,0,0,49.217144,49.217144,2.4056888,2.4056971,51.1,51.6,0.2,0.33,-49.0,27.0,2023.0,-1999.0,380.0,546.0,0.0,100974.3,42.5,434
1,0,0,0,49.217144,49.217144,2.4056888,2.4056969,51.1,51.7,0.2,0.33,-51.0,29.0,2025.0,-2009.0,390.0,543.0,0.0,100974.3,42.5,434
1,0,0,0,49.217144,49.217144,2.4056888,2.4056969,51.1,51.7,0.21,0.34,-49.0,29.0,2012.0,-2009.0,390.0,544.0,0.0,100974.2,42.7,434
1,0,0,0,49.217144,49.217144,2.4056888,2.4056964,51.1,51.8,0.21,0.36,-51.0,27.0,2024.0,-2007.0,383.0,548.0,0.0,100973.9,42.8,434
1,0,0,0,49.217144,49.217144,2.4056888,2.4056964,51.1,51.8,0.24,0.36,-50.0,29.0,2024.0,-2004.0,387.0,547.0,0.0,100973.9,42.7,435
1,0,0,0,49.217144,49.217144,2.4056888,2.4056962,51.1,51.9,0.25,0.4,-48.0,31.0,2027.0,-2002.0,379.0,550.0,0.0,100973.8,42.8,435
1,0,0,0,49.217144,49.217144,2.4056885,2.4056959,51.2,51.9,0.25,0.4,-49.0,25.0,2024.0,-2004.0,379.0,543.0,0.0,100973.8,42.5,435
1,0,0,0,49.217144,49.217144,2.4056885,2.4056959,51.2,51.9,0.26,0.4,-48.0,25.0,2024.0,-2003.0,384.0,541.0,0.0,100973.6,42.2,435
1,0,0,0,49.217144,49.217144,2.4056888,2.4056959,51.2,51.9,0.26,0.41,-47.0,26.0,2026.0,-2003.0,385.0,550.0,0.0,100973.3,42.7,435
1,0,0,0,49.217144,49.217144,2.4056885,2.4056957,51.2,52.0,0.29,0.41,-48.0,29.0,2021.0,-2004.0,381.0,548.0,0.0,100973.3,42.5,436
1,0,0,0,49.217144,49.217144,2.4056888,2.4056957,51.1,52.0,0.23,0.45,-51.0,23.0,2023.0,-2006.0,377.0,549.0,0.0,100974.0,43.0,436
1,0,0,0,49.217144,49.217144,2.4056885,2.4056954,51.2,52.0,0.23,0.45,-49.0,27.0,2026.0,-2009.0,382.0,543.0,0.0,100974.0,42.5,436
1,0,0,0,49.217144,49.217144,2.4056885,2.4056954,51.1,52.0,0.2,0.38,-49.0,26.0,2024.0,-2004.0,378.0,549.0,0.0,100974.3,42.7,436
1,0,0,0,49.217144,49.217144,2.4056888,2.4056952,51.1,52.1,0.2,0.35,-48.0,30.0,2026.0,-2006.0,377.0,550.0,0.0,100974.6,43.0,436
1,0,0,0,49.217144,49.217144,2.4056885,2.4056952,51.1,52.1,0.18,0.35,-52.0,27.0,2027.0,-1997.0,386.0,544.0,0.0,100974.6,42.1,437
1,0,0,0,49.217144,49.217144,2.4056885,2.4056952,51.2,52.1,0.18,0.33,-51.0,31.0,2025.0,-2001.0,383.0,540.0,0.0,100974.8,42.5,437
1,0,0,0,49.217144,49.217144,2.4056883,2.4056952,51.2,52.1,0.16,0.33,-50.0,30.0,2028.0,-2006.0,384.0,545.0,0.0,100974.8,43.0,437
1,0,0,0,49.217144,49.217144,2.4056883,2.405695,51.2,52.1,0.11,0.3,-48.0,33.0,2025.0,-2000.0,383.0,546.0,0.0,100975.5,42.8,437
1,0,0,0,49.217144,49.217144,2.4056883,2.405695,51.2,52.2,0.16,0.25,-50.0,25.0,2028.0,-2000.0,384.0,546.0,0.0,100974.8,43.0,437
1,0,0,0,49.217144,49.217144,2.4056888,2.4056947,51.1,52.2,0.1,0.25,-51.0,29.0,2023.0,-2004.0,385.0,546.0,0.0,100975.6,42.5,438
1,0,0,0,49.217144,49.217144,2.4056883,2.4056947,51.1,52.2,0.1,0.26,-49.0,28.0,2026.0,-2002.0,383.0,546.0,0.0,100975.4,42.5,438
1,0,0,0,49.217144,49.217144,2.4056883,2.4056947,51.2,52.2,0.11,0.26,-49.0,27.0,2024.0,-2001.0,381.0,545.0,0.0,100975.4,42.3,438
1,0,0,0,49.217144,49.217144,2.4056885,2.4056945,51.1,52.2,0.11,0.25,-51.0,26.0,2028.0,-2003.0,382.0,546.0,0.0,100975.4,42.7,438
1,0,0,0,49.217144,49.217144,2.4056883,2.4056945,51.1,52.2,0.11,0.25,-49.0,25.0,2023.0,-2003.0,388.0,552.0,0.0,100975.8,42.7,438
1,0,0,0,49.217144,49.217144,2.4056883,2.4056945,51.1,52.2,0.08,0.23,-46.0,28.0,2025.0,-2003.0,383.0,546.0,0.0,100975.8,42.2,439
1,0,0,0,49.217144,49.217144,2.4056885,2.4056945,51.2,52.2,0.08,0.23,-46.0,28.0,2023.0,-2003.0,378.0,546.0,0.0,100975.5,42.5,439
1,0,0,0,49.217144,49.2171478,2.4056883,2.4056942,51.1,52.2,0.1,0.23,-51.0,28.0,2026.0,-2000.0,388.0,542.0,0.0,100975.5,43.0,439
1,0,0,0,49.217144,49.2171478,2.4056883,2.4056942,51.1,52.3,0.12,0.25,-50.0,28.0,2025.0,-2003.0,385.0,545.0,0.0,100975.3,42.8,439
1,0,0,0,49.217144,49.2171478,2.4056885,2.405694,51.1,52.3,0.12,0.25,-48.0,27.0,2029.0,-2002.0,386.0,546.0,0.0,100975.3,42.8,439
1,0,0,0,49.217144,49.2171478,2.4056883,2.405694,51.1,52.3,0.13,0.25,-53.0,27.0,2024.0,-2002.0,382.0,545.0,0.0,100975.1,42.8,440
1,0,0,0,49.217144,49.2171478,2.4056883,2.4056935,51.1,52.4,0.13,0.27,-48.0,29.0,2028.0,-2008.0,390.0,547.0,0.0,100974.8,42.3,440
1,0,0,0,49.217144,49.2171478,2.4056885,2.4056935,51.1,52.4,0.16,0.27,-49.0,30.0,2028.0,-2001.0,391.0,544.0,0.0,100974.8,42.2,440
1,0,0,0,49.217144,49.2171478,2.4056883,2.4056935,51.1,52.4,0.18,0.29,-50.0,27.0,2023.0,-2003.0,387.0,544.0,0.0,100974.6,42.8,440
1,0,0,0,49.217144,49.2171478,2.4056883,2.4056933,51.1,52.4,0.18,0.31,-50.0,26.0,2023.0,-2001.0,387.0,544.0,0.0,100974.6,42.8,440
1,0,0,0,49.217144,49.2171478,2.4056883,2.4056933,51.2,52.4,0.21,0.31,-50.0,26.0,2023.0,-2001.0,391.0,544.0,0.0,100974.3,42.7,441
1,0,0,0,49.2171402,49.2171478,2.4056883,2.4056931,51.1,52.5,0.21,0.32,-45.0,29.0,2022.0,-2001.0,394.0,549.0,0.0,100974.3,42.5,441
1,0,0,0,49.2171402,49.2171478,2.4056883,2.4056931,51.1,52.5,0.2,0.32,-50.0,28.0,2025.0,-2005.0,390.0,546.0,0.0,100974.3,42.5,441
1,0,0,0,49.2171402,49.2171478,2.4056883,2.4056928,51.1,52.5,0.21,0.35,-50.0,32.0,2026.0,-2004.0,391.0,545.0,0.0,100974.3,42.8,441
1,0,0,0,49.217144,49.2171478,2.405688,2.4056926,51.1,52.6,0.21,0.34,-48.0,30.0,2026.0,-2000.0,389.0,543.0,0.0,100974.3,42.5,441
1,0,0,0,49.2171402,49.2171478,2.4056883,2.4056926,51.1,52.6,0.2,0.34,-49.0,30.0,2024.0,-2000.0,391.0,543.0,0.0,100974.4,42.5,442
1,0,0,0,49.2171402,49.2171478,2.4056883,2.4056923,51.1,52.6,0.2,0.34,-44.0,26.0,2026.0,-2004.0,387.0,544.0,0.0,100974.5,43.1,442
1,0,0,0,49.217144,49.2171478,2.405688,2.4056923,51.1,52.6,0.19,0.32,-47.0,28.0,2023.0,-2000.0,387.0,546.0,0.0,100974.5,42.3,442
1,0,0,0,49.2171402,49.2171478,2.405688,2.4056923,51.1,52.6,0.18,0.32,-50.0,28.0,2025.0,-2000.0,386.0,546.0,0.0,100974.5,42.7,442
1,0,0,0,49.217144,49.2171478,2.405688,2.4056921,51.1,52.7,0.18,0.32,-51.0,24.0,2026.0,-2006.0,389.0,546.0,0.0,100974.5,42.6,442
1,0,0,0,49.217144,49.2171478,2.405688,2.4056921,51.1,52.7,0.18,0.32,-47.0,32.0,2025.0,-1998.0,393.0,544.0,0.0,100974.6,43.0,443
1,0,0,0,49.217144,49.2171478,2.4056878,2.4056921,51.1,52.7,0.18,0.33,-49.0,24.0,2023.0,-2001.0,393.0,543.0,0.0,100974.5,42.7,443
1,0,0,0,49.217144,49.2171516,2.4056876,2.4056919,51.1,52.7,0.18,0.33,-46.0,29.0,2026.0,-2000.0,386.0,547.0,0.0,100974.5,42.7,443
1,0,0,0,49.217144,49.2171516,2.4056878,2.4056916,51.1,52.7,0.18,0.32,-49.0,31.0,2025.0,-2004.0,393.0,548.0,0.0,100974.3,42.8,443
1,0,0,0,49.217144,49.2171516,2.4056878,2.4056916,51.1,52.7,0.21,0.35,-47.0,30.0,2027.0,-2000.0,391.0,548.0,0.0,100974.3,42.8,443
1,0,0,0,49.217144,49.2171516,2.4056876,2.4056916,51.1,52.7,0.25,0.35,-47.0,29.0,2025.0,-2004.0,385.0,548.0,0.0,100973.8,42.8,444
1,0,0,0,49.217144,49.2171516,2.4056876,2.4056911,51.1,52.7,0.25,0.39,-49.0,25.0,2027.0,-2003.0,394.0,548.0,0.0,100973.7,42.2,444
1,0,0,0,49.217144,49.2171516,2.4056876,2.4056914,51.1,52.7,0.25,0.39,-48.0,27.0,2022.0,-2005.0,394.0,547.0,0.0,100973.7,42.7,444
1,0,0,0,49.217144,49.2171516,2.4056876,2.4056911,51.1,52.7,0.25,0.39,-48.0,27.0,2024.0,-2002.0,386.0,546.0,0.0,100973.9,42.7,444
1,0,0,0,49.217144,49.2171516,2.4056876,2.4056911,51.1,52.7,0.24,0.38,-49.0,28.0,2027.0,-2000.0,389.0,547.0,0.0,100973.9,42.7,444
1,0,0,0,49.217144,49.2171516,2.4056876,2.4056911,51.1,52.7,0.26,0.38,-49.0,31.0,2026.0,-2000.0,392.0,548.0,0.0,100973.6,42.1,445
1,0,0,0,49.217144,49.2171516,2.4056876,2.4056911,51.1,52.7,0.24,0.39,-49.0,30.0,2027.0,-2000.0,389.0,545.0,0.0,100973.9,42.7,444
1,0,0,0,49.217144,49.2171516,2.4056871,2.4056911,51.1,52.7,0.27,0.39,-50.0,30.0,2023.0,-2000.0,389.0,545.0,0.0,100973.5,42.7,445
1,0,0,0,49.217144,49.2171516,2.4056873,2.4056911,51.1,52.7,0.27,0.43,-50.0,26.0,2024.0,-1995.0,389.0,550.0,0.0,100973.6,42.5,445
1,0,0,0,49.217144,49.2171516,2.4056876,2.4056911,51.1,52.7,0.27,0.42,-52.0,27.0,2022.0,-2003.0,389.0,549.0,0.0,100973.6,42.8,445
1,0,0,0,49.217144,49.2171516,2.4056873,2.4056911,51.1,52.7,0.25,0.42,-48.0,26.0,2028.0,-2000.0,386.0,545.0,0.0,100973.8,42.5,446
1,0,0,0,49.217144,49.2171516,2.4056873,2.4056911,51.1,52.7,0.25,0.39,-50.0,25.0,2026.0,-2003.0,390.0,540.0,0.0,100973.8,43.0,446
1,0,0,0,49.217144,49.2171516,2.4056873,2.4056909,51.1,52.7,0.24,0.39,-48.0,25.0,2024.0,-2000.0,390.0,543.0,0.0,100973.9,42.5,446
1,0,0,0,49.217144,49.2171516,2.4056871,2.4056909,51.1,52.7,0.24,0.38,-52.0,29.0,2030.0,-2005.0,385.0,545.0,0.0,100973.6,42.6,446
1,0,0,0,49.217144,49.2171516,2.4056871,2.4056911,51.1,52.7,0.27,0.39,-49.0,30.0,2022.0,-2002.0,389.0,545.0,0.0,100973.6,42.8,446
1,0,0,0,49.217144,49.2171516,2.4056871,2.4056909,51.1,52.7,0.27,0.39,-45.0,26.0,2028.0,-2004.0,386.0,544.0,0.0,100973.5,42.5,447
1,0,0,0,49.217144,49.2171516,2.4056871,2.4056909,51.1,52.7,0.27,0.41,-50.0,26.0,2032.0,-2005.0,386.0,552.0,0.0,100973.5,42.6,447
1,0,0,0,49.217144,49.2171516,2.4056871,2.4056909,51.1,52.7,0.29,0.41,-52.0,29.0,2026.0,-1994.0,388.0,547.0,0.0,100973.3,43.0,447
1,0,0,0,49.217144,49.2171516,2.4056871,2.4056909,51.1,52.7,0.29,0.41,-49.0,29.0,2022.0,-1994.0,392.0,547.0,0.0,100973.0,42.5,447
1,0,0,0,49.217144,49.2171516,2.4056869,2.4056909,51.2,52.7,0.32,0.45,-49.0,28.0,2025.0,-2008.0,387.0,547.0,0.0,100973.0,42.7,447
1,0,0,0,49.217144,49.2171516,2.4056871,2.4056909,51.2,52.7,0.33,0.45,-48.0,25.0,2026.0,-1999.0,393.0,546.0,0.0,100972.8,43.1,448
1,0,0,0,49.217144,49.2171516,2.4056869,2.4056909,51.2,52.7,0.33,0.48,-47.0,24.0,2025.0,-2000.0,393.0,540.0,0.0,100972.8,43.0,448
1,0,0,0,49.217144,49.2171516,2.4056869,2.4056909,51.2,52.7,0.34,0.48,-47.0,31.0,2026.0,-2005.0,391.0,546.0,0.0,100972.8,42.7,448
1,0,0,0,49.217144,49.2171516,2.4056871,2.4056909,51.2,52.7,0.34,0.47,-52.0,28.0,2028.0,-1991.0,392.0,548.0,0.0,100972.5,42.8,448
1,0,0,0,49.217144,49.2171516,2.4056869,2.4056907,51.2,52.7,0.35,0.49,-52.0,27.0,2028.0,-2005.0,390.0,545.0,0.0,100972.5,42.7,448
1,0,0,0,49.217144,49.2171516,2.4056869,2.4056907,51.2,52.7,0.35,0.49,-49.0,27.0,2024.0,-2005.0,390.0,545.0,0.0,100972.6,42.5,449
1,0,0,0,49.217144,49.2171555,2.4056871,2.4056907,51.2,52.7,0.35,0.49,-49.0,33.0,2022.0,-2009.0,388.0,543.0,0.0,100972.6,42.5,449
1,0,0,0,49.217144,49.2171555,2.4056866,2.4056904,51.2,52.7,0.36,0.49,-49.0,31.0,2027.0,-2004.0,391.0,550.0,0.0,100972.4,42.5,449
1,0,0,0,49.217144,49.2171555,2.4056866,2.4056904,51.2,52.8,0.36,0.5,-46.0,29.0,2026.0,-1998.0,390.0,546.0,0.0,100972.4,42.8,449
1,0,0,0,49.217144,49.2171555,2.4056866,2.4056904,51.2,52.7,0.36,0.49,-46.0,30.0,2024.0,-2000.0,389.0,546.0,0.0,100972.4,43.0,449
1,0,0,0,49.217144,49.2171555,2.4056866,2.4056904,51.3,52.7,0.36,0.49,-46.0,28.0,2025.0,-2002.0,390.0,547.0,0.0,100972.8,42.8,450
1,0,0,0,49.217144,49.2171555,2.4056864,2.4056904,51.3,52.7,0.33,0.48,-53.0,28.0,2023.0,-1999.0,391.0,547.0,0.0,100972.8,42.8,450
1,0,0,0,49.217144,49.2171555,2.4056864,2.4056904,51.3,52.7,0.33,0.48,-47.0,28.0,2028.0,-2003.0,392.0,546.0,0.0,100972.8,42.7,450
1,0,0,0,49.217144,49.2171555,2.4056866,2.4056904,51.3,52.7,0.33,0.48,-46.0,28.0,2030.0,-1999.0,392.0,551.0,0.0,100972.7,42.6,450
1,0,0,0,49.217144,49.2171555,2.4056864,2.4056904,51.3,52.6,0.34,0.45,-47.0,26.0,2024.0,-2002.0,390.0,551.0,0.0,100972.7,42.5,450
1,0,0,0,49.217144,49.2171555,2.4056864,2.4056904,51.3,52.7,0.34,0.45,-43.0,28.0,2028.0,-1999.0,395.0,546.0,0.0,100973.1,42.5,451
1,0,0,0,49.217144,49.2171555,2.4056861,2.4056902,51.3,52.6,0.31,0.48,-51.0,32.0,2023.0,-2003.0,387.0,544.0,0.0,100973.1,43.0,451
1,0,0,0,49.217144,49.2171555,2.4056859,2.4056902,51.3,52.6,0.32,0.48,-52.0,29.0,2022.0,-2004.0,392.0,547.0,0.0,100972.9,42.8,451
1,0,0,0,49.217144,49.2171555,2.4056861,2.4056902,51.3,52.6,0.32,0.47,-47.0,30.0,2029.0,-2005.0,387.0,551.0,0.0,100972.8,42.8,451
1,0,0,0,49.217144,49.2171555,2.4056859,2.4056902,51.4,52.6,0.33,0.47,-46.0,31.0,2027.0,-1998.0,383.0,544.0,0.0,100972.8,42.7,451
1,0,0,0,49.217144,49.2171555,2.4056857,2.4056904,51.4,52.6,0.33,0.47,-48.0,26.0,2023.0,-2001.0,389.0,551.0,0.0,100973.3,43.0,452
1,0,0,0,49.217144,49.2171555,2.4056859,2.4056902,51.3,52.6,0.32,0.44,-52.0,27.0,2022.0,-2001.0,392.0,542.0,0.0,100972.9,42.8,451
1,0,0,0,49.217144,49.2171555,2.4056857,2.4056904,51.4,52.5,0.3,0.44,-50.0,30.0,2029.0,-2003.0,391.0,550.0,0.0,100973.2,42.7,452
1,0,0,0,49.217144,49.2171555,2.4056857,2.40569,51.4,52.6,0.3,0.43,-54.0,29.0,2023.0,-2006.0,396.0,542.0,0.0,100973.2,42.7,452
1,0,0,0,49.217144,49.2171555,2.4056857,2.4056902,51.4,52.6,0.31,0.45,-47.0,35.0,2025.0,-2006.0,384.0,550.0,0.0,100973.0,42.5,452
1,0,0,0,49.217144,49.2171555,2.4056857,2.40569,51.4,52.6,0.31,0.44,-49.0,30.0,2025.0,-2002.0,386.0,544.0,0.0,100973.3,43.0,453
1,0,0,0,49.217144,49.2171555,2.4056857,2.40569,51.4,52.6,0.29,0.44,-50.0,30.0,2027.0,-2002.0,389.0,544.0,0.0,100973.3,42.6,453
1,0,0,0,49.217144,49.2171555,2.4056857,2.40569,51.4,52.5,0.28,0.44,-50.0,29.0,2023.0,-2004.0,396.0,544.0,0.0,100973.4,42.5,453
1,0,0,0,49.217144,49.2171555,2.4056857,2.40569,51.5,52.5,0.28,0.43,-46.0,30.0,2026.0,-2004.0,387.0,549.0,0.0,100973.4,42.8,453
1,0,0,0,49.217144,49.2171555,2.4056852,2.40569,51.5,52.5,0.31,0.44,-53.0,28.0,2026.0,-2005.0,384.0,543.0,0.0,100973.0,42.8,453
1,0,0,0,49.217144,49.2171555,2.4056852,2.4056897,51.5,52.5,0.31,0.44,-52.0,25.0,2024.0,-2003.0,390.0,549.0,0.0,100973.1,42.8,454
1,0,0,0,49.217144,49.2171555,2.4056854,2.40569,51.5,52.5,0.31,0.44,-48.0,33.0,2027.0,-2003.0,391.0,548.0,0.0,100973.1,43.0,454
1,0,0,0,49.217144,49.2171555,2.4056852,2.4056897,51.5,52.5,0.33,0.44,-47.0,28.0,2023.0,-2003.0,386.0,544.0,0.0,100972.8,42.8,454
1,0,0,0,49.217144,49.2171555,2.4056852,2.4056897,51.5,52.5,0.33,0.46,-47.0,26.0,2024.0,-2007.0,394.0,545.0,0.0,100972.8,42.5,454
1,0,0,0,49.217144,49.2171555,2.4056849,2.4056897,51.5,52.5,0.33,0.48,-49.0,29.0,2026.0,-2005.0,395.0,551.0,0.0,100972.8,42.8,454
1,0,0,0,49.217144,49.2171555,2.4056849,2.4056897,51.6,52.5,0.33,0.48,-47.0,31.0,2023.0,-2004.0,390.0,550.0,0.0,100972.9,42.7,455
1,0,0,0,49.217144,49.2171593,2.4056852,2.4056897,51.5,52.5,0.32,0.47,-46.0,25.0,2024.0,-2003.0,386.0,542.0,0.0,100972.9,43.1,455
1,0,0,0,49.217144,49.2171593,2.4056847,2.4056897,51.6,52.5,0.32,0.47,-48.0,24.0,2023.0,-2000.0,384.0,540.0,0.0,100973.0,42.8,455
1,0,0,0,49.217144,49.2171593,2.4056847,2.4056897,51.6,52.4,0.31,0.46,-46.0,29.0,2026.0,-1999.0,388.0,540.0,0.0,100973.0,42.1,455
1,0,0,0,49.217144,49.2171593,2.4056847,2.4056897,51.6,52.4,0.28,0.43,-46.0,30.0,2019.0,-1998.0,386.0,549.0,0.0,100973.4,42.5,455
1,0,0,0,49.217144,49.2171593,2.405684,2.4056895,51.7,52.4,0.28,0.43,-71.0,21.0,2030.0,-1978.0,377.0,540.0,0.0,100973.4,42.5,456
1,0,0,0,49.217144,49.2171593,2.4056847,2.4056895,51.6,52.4,0.28,0.44,-46.0,35.0,2019.0,-2011.0,386.0,509.0,0.0,100973.4,42.5,455
1,0,0,0,49.217144,49.2171593,2.4056835,2.4056895,51.7,52.4,0.28,0.44,-25.0,35.0,2028.0,-2011.0,398.0,509.0,0.0,100973.5,43.0,456
1,0,0,0,49.217144,49.2171593,2.4056835,2.4056892,51.8,52.4,0.27,0.43,-58.0,14.0,2021.0,-1999.0,385.0,573.0,0.0,100973.5,42.8,456
1,0,0,0,49.217144,49.2171593,2.4056847,2.4056892,51.6,52.4,0.31,0.41,-46.0,26.0,2026.0,-2003.0,388.0,554.0,0.0,100973.0,42.1,455
1,0,0,0,49.217144,49.2171593,2.4056835,2.4056892,51.8,52.4,0.27,0.41,-58.0,26.0,2021.0,-2003.0,385.0,554.0,0.0,100973.5,42.8,456
1,0,0,0,49.217144,49.2171593,2.4056835,2.4056892,51.7,52.4,0.28,0.43,-25.0,30.0,2028.0,-1999.0,398.0,554.0,0.0,100973.5,43.0,456
1,0,0,0,49.217144,49.2171593,2.4056828,2.4056892,51.8,52.4,0.27,0.43,-59.0,28.0,2025.0,-2002.0,387.0,544.0,0.0,100973.3,42.8,457
1,0,0,0,49.217144,49.2171593,2.4056823,2.4056892,51.8,52.4,0.29,0.44,-51.0,35.0,2022.0,-2012.0,396.0,544.0,0.0,100973.3,42.5,457
